X,Y,type,time,latitude,longitude,altitude (m)
170083.0932,708939.5171,T,24/08/2023 09:48,56.21727713,-5.709734683,62.2
170080.9929,708940.1211,T,24/08/2023 09:48,56.21728153,-5.709769,62.5
170079.2441,708941.1345,T,24/08/2023 09:48,56.21728977,-5.709798017,62.9
170074.8847,708946.0241,T,24/08/2023 09:48,56.2173315,-5.7098724,63.4
170072.2452,708946.482,T,24/08/2023 09:48,56.21733433,-5.709915267,63.7
170070.2716,708947.2264,T,24/08/2023 09:48,56.21734005,-5.709947667,63.9
170067.7043,708948.0809,T,24/08/2023 09:48,56.21734647,-5.709989717,63.5
170064.8807,708947.9108,T,24/08/2023 09:48,56.21734358,-5.710035,64.2
170062.7092,708949.3441,T,24/08/2023 09:48,56.21735538,-5.710071183,63.6
170060.7226,708950.039,T,24/08/2023 09:48,56.21736065,-5.71010375,63.8
170058.4162,708951.2765,T,24/08/2023 09:48,56.21737063,-5.710141933,63.6
170055.6814,708951.6381,T,24/08/2023 09:48,56.21737255,-5.71018625,63.6
170053.43,708952.0908,T,24/08/2023 09:49,56.21737552,-5.710222867,61.6
170050.5836,708952.2643,T,24/08/2023 09:49,56.2173757,-5.710268817,60.5
170048.3511,708952.8364,T,24/08/2023 09:49,56.21737975,-5.710305233,60.8
170046.7945,708954.2064,T,24/08/2023 09:49,56.21739128,-5.710331467,61
170044.9918,708955.1792,T,24/08/2023 09:49,56.21739913,-5.710361317,61.2
170042.9815,708956.1063,T,24/08/2023 09:49,56.21740647,-5.710394467,61.9
170041.1162,708956.9943,T,24/08/2023 09:49,56.21741353,-5.71042525,62.2
170038.8869,708956.935,T,24/08/2023 09:49,56.21741192,-5.710461067,62.5
170036.4091,708957.3932,T,24/08/2023 09:49,56.21741483,-5.710501333,63.4
170034.2409,708957.9863,T,24/08/2023 09:49,56.2174191,-5.710536733,63.2
170033.4745,708960.2361,T,24/08/2023 09:49,56.2174389,-5.710551017,63.9
170031.841,708962.2728,T,24/08/2023 09:49,56.21745637,-5.710579067,64.4
170030.0143,708964.185,T,24/08/2023 09:49,56.21747263,-5.710610117,64.6
170027.4975,708965.5911,T,24/08/2023 09:49,56.21748402,-5.710651833,65.6
170025.502,708966.2174,T,24/08/2023 09:49,56.21748867,-5.710684483,65.9
170023.7717,708967.8611,T,24/08/2023 09:49,56.21750257,-5.71071375,66.5
170022.4074,708969.8197,T,24/08/2023 09:49,56.21751947,-5.7107374,66.6
170021.4052,708972.2305,T,24/08/2023 09:49,56.2175406,-5.710755617,66.5
170018.4443,708972.4884,T,24/08/2023 09:49,56.21754148,-5.710803483,66
170015.6407,708973.4393,T,24/08/2023 09:49,56.21754865,-5.710849417,65.9
170013.4068,708972.9653,T,24/08/2023 09:50,56.21754332,-5.71088495,64.8
170011.4589,708974.0697,T,24/08/2023 09:50,56.21755228,-5.71091725,63.6
170009.4532,708975.3903,T,24/08/2023 09:50,56.21756315,-5.710950667,63
170007.3124,708977.0082,T,24/08/2023 09:50,56.21757662,-5.710986517,63.7
170005.6678,708979.3589,T,24/08/2023 09:50,56.2175969,-5.711015017,65.1
170004.4487,708981.5495,T,24/08/2023 09:50,56.21761595,-5.711036533,65.7
170002.2467,708982.6855,T,24/08/2023 09:50,56.21762507,-5.71107295,66.1
170000.042,708982.5233,T,24/08/2023 09:50,56.21762255,-5.711108283,66
169999.7931,708984.8233,T,24/08/2023 09:50,56.21764305,-5.711114283,64.5
169999.2324,708987.603,T,24/08/2023 09:50,56.2176677,-5.711125717,64.5
169998.8195,708989.7244,T,24/08/2023 09:50,56.21768652,-5.7111342,65
169998.459,708991.7025,T,24/08/2023 09:50,56.21770408,-5.711141717,65.3
169995.7558,708993.0328,T,24/08/2023 09:50,56.2177147,-5.711186367,65.4
169993.8289,708994.3157,T,24/08/2023 09:50,56.21772527,-5.711218483,65.5
169991.2611,708994.394,T,24/08/2023 09:50,56.21772473,-5.711259867,66.1
169988.9388,708994.5081,T,24/08/2023 09:50,56.21772463,-5.711297333,65.6
169986.8979,708995.2339,T,24/08/2023 09:50,56.21773015,-5.7113308,64.5
169985.4564,708997.2189,T,24/08/2023 09:50,56.21774725,-5.711355717,64.3
169985.2033,708999.363,T,24/08/2023 09:50,56.21776635,-5.71136165,63.9
169985.8259,709001.3226,T,24/08/2023 09:50,56.21778422,-5.711353333,63.5
169984.8309,709003.6751,T,24/08/2023 09:50,56.21780483,-5.711371383,63.5
169984.2593,709005.6378,T,24/08/2023 09:50,56.21782215,-5.711382283,63.7
169983.388,709008.3038,T,24/08/2023 09:51,56.21784563,-5.711398617,63.1
169982.3556,709010.9215,T,24/08/2023 09:51,56.2178686,-5.7114175,62.7
169982.6545,709013.5634,T,24/08/2023 09:51,56.21789243,-5.711414983,62
169981.6615,709015.7418,T,24/08/2023 09:51,56.21791148,-5.71143285,61.3
169980.9557,709017.7507,T,24/08/2023 09:51,56.21792915,-5.71144595,61.3
169979.3028,709019.7729,T,24/08/2023 09:51,56.21794648,-5.7114743,62.1
169977.1918,709021.1572,T,24/08/2023 09:51,56.21795787,-5.711509467,61.6
169979.0223,709022.0244,T,24/08/2023 09:52,56.21796653,-5.711480767,62.2
169977.9551,709023.958,T,24/08/2023 09:52,56.21798335,-5.711499617,62
169978.0816,709025.9957,T,24/08/2023 09:52,56.21800168,-5.71149935,61.7
169977.4687,709028.1726,T,24/08/2023 09:52,56.2180209,-5.7115111,60.9
169977.4435,709030.3936,T,24/08/2023 09:52,56.2180408,-5.711513433,62.7
169978.0101,709028.1657,T,24/08/2023 09:52,56.2180211,-5.711502383,62.2
169977.1671,709025.8443,T,24/08/2023 09:53,56.21799988,-5.711513933,61.8
169978.7494,709023.8204,T,24/08/2023 09:53,56.2179825,-5.711486717,60.8
169978.639,709026.3248,T,24/08/2023 09:53,56.2180049,-5.711490667,62
169979.4602,709028.3184,T,24/08/2023 09:53,56.21802317,-5.711479183,65
169980.3483,709026.3866,T,24/08/2023 09:53,56.21800628,-5.711463217,64.2
169980.4177,709028.5188,T,24/08/2023 09:54,56.21802543,-5.71146395,66
169978.9793,709026.3935,T,24/08/2023 09:54,56.21800568,-5.71148525,65.1
169976.9399,709027.6434,T,24/08/2023 09:54,56.2180159,-5.71151915,64.7
169976.0246,709029.4361,T,24/08/2023 09:54,56.21803153,-5.711535433,65.8
169975.1466,709031.518,T,24/08/2023 09:54,56.21804977,-5.711551367,61.3
169976.702,709032.951,T,24/08/2023 09:55,56.21806337,-5.711527583,56.7
169977.5943,709034.9385,T,24/08/2023 09:55,56.21808162,-5.71151495,55
169978.1038,709037.182,T,24/08/2023 09:55,56.21810198,-5.7115087,55.8
169977.8026,709039.2606,T,24/08/2023 09:55,56.21812047,-5.71151535,57.8
169977.9154,709041.5054,T,24/08/2023 09:55,56.21814065,-5.711515483,58.9
169976.2527,709042.6547,T,24/08/2023 09:55,56.21815015,-5.711543233,61.1
169975.3193,709044.6313,T,24/08/2023 09:55,56.21816742,-5.711559967,60.8
169973.0654,709045.0351,T,24/08/2023 09:55,56.21816995,-5.711596583,61.5
169972.3775,709047.2606,T,24/08/2023 09:56,56.21818957,-5.711609583,60.3
169972.7532,709049.5414,T,24/08/2023 09:56,56.2182102,-5.711605517,59.4
169971.9983,709047.6435,T,24/08/2023 09:56,56.21819282,-5.711616017,57
169972.0636,709049.737,T,24/08/2023 09:56,56.21821162,-5.711616783,59.9
169970.0564,709049.8765,T,24/08/2023 09:57,56.2182119,-5.7116492,60.6
169972.0743,709050.1469,T,24/08/2023 09:58,56.2182153,-5.711616967,58
169971.8955,709048.0038,T,24/08/2023 09:58,56.218196,-5.711617983,59.5
169971.7422,709050.2127,T,24/08/2023 09:59,56.21821573,-5.711622367,61.4
169971.8592,709048.0024,T,24/08/2023 09:59,56.21819597,-5.711618567,59.4
169970.6586,709046.2156,T,24/08/2023 09:59,56.21817937,-5.711636333,62.9
169968.8645,709045.12,T,24/08/2023 09:59,56.21816868,-5.71166425,64.7
169969.8052,709046.9844,T,24/08/2023 10:00,56.21818585,-5.711650733,62.9
169970.3699,709049.0252,T,24/08/2023 10:00,56.21820442,-5.711643417,61.3
169970.8522,709046.8275,T,24/08/2023 10:00,56.21818495,-5.71163375,59.6
169971.8819,709044.8312,T,24/08/2023 10:00,56.21816755,-5.71161545,58.6
169973.5657,709043.4209,T,24/08/2023 10:00,56.21815572,-5.711587133,58.9
169973.1774,709041.3505,T,24/08/2023 10:00,56.21813697,-5.711591583,60.1
169972.3936,709043.4506,T,24/08/2023 10:00,56.21815542,-5.711606017,59.4
169971.7063,709046.0899,T,24/08/2023 10:00,56.21817875,-5.711619367,59.9
169972.8013,709047.8791,T,24/08/2023 10:01,56.21819532,-5.7116033,59.2
169973.7614,709049.8551,T,24/08/2023 10:01,56.2182135,-5.711589567,58.2
169971.078,709051.6673,T,24/08/2023 10:01,56.21822845,-5.711634317,61.3
169971.4451,709049.3889,T,24/08/2023 10:01,56.2182082,-5.711626433,60.4
169972.6823,709047.1326,T,24/08/2023 10:01,56.21818857,-5.711604567,63.6
169972.3555,709049.4848,T,24/08/2023 10:02,56.2182095,-5.711611867,63.9
169971.3944,709051.4082,T,24/08/2023 10:02,56.21822628,-5.711629,66.8
169969.9075,709049.2465,T,24/08/2023 10:02,56.21820618,-5.71165105,64
169970.438,709045.5058,T,24/08/2023 10:02,56.2181729,-5.711639267,62.5
169971.1644,709043.1667,T,24/08/2023 10:02,56.21815228,-5.71162555,62.1
169973.5803,709042.559,T,24/08/2023 10:02,56.218148,-5.71158615,60
169976.2102,709043.614,T,24/08/2023 10:02,56.21815873,-5.71154475,58.8
169976.3984,709045.9707,T,24/08/2023 10:02,56.21817995,-5.711543767,58
169975.9186,709048.2329,T,24/08/2023 10:02,56.2182,-5.71155345,56.6
169976.6506,709050.9351,T,24/08/2023 10:03,56.21822458,-5.711544017,56.8
169977.2252,709052.9274,T,24/08/2023 10:03,56.21824272,-5.7115365,56.5
169978.0897,709054.9555,T,24/08/2023 10:03,56.21826132,-5.71152435,56.7
169979.2953,709057.1246,T,24/08/2023 10:03,56.21828135,-5.711506833,55.8
169979.9736,709059.0422,T,24/08/2023 10:03,56.21829887,-5.711497583,55.7
169980.7827,709061.1378,T,24/08/2023 10:03,56.21831805,-5.711486383,55.4
169980.0043,709063.1652,T,24/08/2023 10:03,56.21833585,-5.711500667,56.3
169980.929,709064.9636,T,24/08/2023 10:03,56.21835242,-5.71148735,55.5
169981.8558,709062.8479,T,24/08/2023 10:03,56.2183339,-5.7114706,56
169980.1911,709061.0973,T,24/08/2023 10:03,56.2183174,-5.711495867,56.7
169979.0497,709058.4283,T,24/08/2023 10:03,56.21829292,-5.711511917,57
169977.907,709056.2346,T,24/08/2023 10:03,56.2182727,-5.7115284,57.4
169977.0255,709053.4513,T,24/08/2023 10:03,56.21824732,-5.711540167,57.5
169977.0093,709050.4796,T,24/08/2023 10:03,56.21822067,-5.71153785,58
169976.2782,709048.16,T,24/08/2023 10:03,56.21819952,-5.7115476,57.9
169975.8524,709045.2004,T,24/08/2023 10:04,56.21817278,-5.711551883,58.6
169974.4752,709043.3841,T,24/08/2023 10:04,56.21815583,-5.711572467,58.6
169971.3939,709043.1398,T,24/08/2023 10:04,56.21815215,-5.711621833,58.9
169969.345,709041.1233,T,24/08/2023 10:04,56.21813308,-5.71165305,60.8
169967.9075,709039.0336,T,24/08/2023 10:04,56.21811365,-5.711674367,60.3
169966.1055,709038.0399,T,24/08/2023 10:04,56.21810387,-5.7117025,59.7
169967.4622,709039.8997,T,24/08/2023 10:04,56.2181212,-5.711682283,57.5
169968.3832,709041.8411,T,24/08/2023 10:05,56.21813905,-5.71166915,56.9
169968.3716,709039.7258,T,24/08/2023 10:05,56.21812008,-5.7116675,60.6
169969.2746,709041.7952,T,24/08/2023 10:06,56.21813907,-5.711654767,57.3
169968.7164,709043.9669,T,24/08/2023 10:06,56.21815827,-5.711665633,55.5
169970.3255,709045.3022,T,24/08/2023 10:06,56.21817102,-5.7116409,56.1
169970.6354,709047.5531,T,24/08/2023 10:06,56.21819135,-5.711637867,57.7
169971.4257,709049.3955,T,24/08/2023 10:07,56.21820825,-5.71162675,59.1
169969.5571,709048.3775,T,24/08/2023 10:07,56.21819822,-5.711655933,60.4
169971.2635,709047.2716,T,24/08/2023 10:07,56.21818913,-5.711627517,58.9
169972.7796,709045.2089,T,24/08/2023 10:07,56.21817137,-5.711601333,58.8
169974.9703,709044.7092,T,24/08/2023 10:07,56.21816795,-5.71156565,59.4
169976.8598,709045.5967,T,24/08/2023 10:08,56.21817682,-5.711536017,55.8
169976.3385,709047.5489,T,24/08/2023 10:08,56.21819407,-5.7115461,57.4
169975.8799,709045.441,T,24/08/2023 10:08,56.21817495,-5.71155165,55.1
169972.8859,709045.6248,T,24/08/2023 10:09,56.21817515,-5.711599983,60.7
169974.2448,709043.8371,T,24/08/2023 10:09,56.21815978,-5.711576567,61
169976.131,709042.2039,T,24/08/2023 10:09,56.21814605,-5.7115448,59.9
169974.255,709040.9532,T,24/08/2023 10:09,56.21813393,-5.7115739,63.4
169975.5158,709042.6085,T,24/08/2023 10:09,56.21814938,-5.71155505,58.9
169977.3098,709044.7582,T,24/08/2023 10:09,56.21816952,-5.71152805,56.7
169978.8593,709046.8496,T,24/08/2023 10:09,56.21818902,-5.711504933,55.9
169979.9985,709049.9782,T,24/08/2023 10:09,56.21821762,-5.711489317,56.7
169981.4422,709052.4691,T,24/08/2023 10:09,56.21824065,-5.71146825,57.9
169983.4185,709052.0469,T,24/08/2023 10:10,56.21823782,-5.711436083,60.8
169983.4355,709049.8653,T,24/08/2023 10:10,56.21821827,-5.711433917,61.4
169983.4054,709047.3662,T,24/08/2023 10:10,56.21819585,-5.711432233,61.3
169983.5275,709045.1177,T,24/08/2023 10:10,56.21817575,-5.711428317,60.7
169983.954,709042.7301,T,24/08/2023 10:10,56.21815455,-5.711419383,60.5
169984.5768,709040.6051,T,24/08/2023 10:10,56.2181358,-5.711407517,60.1
169984.3128,709037.7639,T,24/08/2023 10:10,56.2181102,-5.7114093,60.1
169984.0623,709035.0971,T,24/08/2023 10:10,56.21808617,-5.711411017,60.3
169982.9997,709033.314,T,24/08/2023 10:10,56.21806967,-5.711426567,60.3
169981.0495,709031.8019,T,24/08/2023 10:10,56.21805517,-5.711456633,60.1
169978.9277,709031.3508,T,24/08/2023 10:10,56.2180501,-5.711490383,60.2
169979.753,709029.4269,T,24/08/2023 10:10,56.21803325,-5.711475433,61.8
169977.8965,709030.8042,T,24/08/2023 10:11,56.2180447,-5.7115065,65.2
169980.2134,709029.7623,T,24/08/2023 10:11,56.21803648,-5.711468317,58.7
169982.4231,709028.8456,T,24/08/2023 10:11,56.21802933,-5.711431967,58.2
169984.2083,709027.567,T,24/08/2023 10:11,56.21801873,-5.711402133,58.4
169985.8819,709025.507,T,24/08/2023 10:12,56.21800107,-5.711373417,59
169986.1728,709023.1802,T,24/08/2023 10:12,56.21798035,-5.711366717,58.5
169986.5575,709020.6331,T,24/08/2023 10:12,56.2179577,-5.711358317,59.4
169987.1624,709018.3841,T,24/08/2023 10:12,56.21793783,-5.711346633,58.7
169988.379,709016.1089,T,24/08/2023 10:12,56.21791802,-5.711325083,58.1
169989.5433,709014.4377,T,24/08/2023 10:12,56.2179036,-5.7113049,57.8
169991.0262,709012.8375,T,24/08/2023 10:12,56.21788997,-5.71127965,56.9
169992.1756,709011.1782,T,24/08/2023 10:12,56.21787565,-5.711259717,56.4
169993.5801,709009.4662,T,24/08/2023 10:12,56.21786098,-5.711235633,56
169994.4917,709007.3357,T,24/08/2023 10:12,56.21784232,-5.711219117,55.8
169995.1803,709005.2183,T,24/08/2023 10:12,56.21782367,-5.7112062,56.2
169995.9641,709002.6397,T,24/08/2023 10:12,56.21780093,-5.71119135,56.7
169997.3196,708999.9621,T,24/08/2023 10:12,56.21777758,-5.711167217,56.8
169998.8086,708997.3777,T,24/08/2023 10:12,56.21775513,-5.711141017,57.6
169999.7302,708995.5289,T,24/08/2023 10:12,56.217739,-5.711124583,57.4
170001.2362,708994.0088,T,24/08/2023 10:12,56.2177261,-5.711099033,56.9
170002.7784,708992.489,T,24/08/2023 10:12,56.21771322,-5.7110729,57.2
170002.9046,708990.3719,T,24/08/2023 10:12,56.2176943,-5.711069033,58.5
170002.9101,708988.3226,T,24/08/2023 10:12,56.21767593,-5.711067167,57.8
170003.2574,708986.2928,T,24/08/2023 10:12,56.2176579,-5.711059817,57.2
170003.7403,708984.2591,T,24/08/2023 10:13,56.2176399,-5.711050283,58.2
170005.4133,708982.4757,T,24/08/2023 10:13,56.21762472,-5.711021817,58.6
170006.4413,708980.4661,T,24/08/2023 10:13,56.2176072,-5.711003533,58.7
170007.4752,708978.2018,T,24/08/2023 10:13,56.2175874,-5.710984933,58.1
170008.7709,708976.5681,T,24/08/2023 10:13,56.21757338,-5.710962667,57
170010.3686,708975.2316,T,24/08/2023 10:13,56.21756217,-5.7109358,57.1
170012.7743,708974.3747,T,24/08/2023 10:13,56.21755565,-5.71089635,56.6
170015.044,708972.7275,T,24/08/2023 10:13,56.21754198,-5.7108584,55.4
170016.7803,708971.1359,T,24/08/2023 10:13,56.21752855,-5.710829083,55.4
170018.6483,708969.5874,T,24/08/2023 10:13,56.21751557,-5.710797683,55.5
170020.1017,708967.6296,T,24/08/2023 10:13,56.21749872,-5.7107726,55.8
170020.5198,708965.3762,T,24/08/2023 10:13,56.21747872,-5.710763917,55.2
170022.8826,708963.5902,T,24/08/2023 10:13,56.21746385,-5.71072435,55.5
170025.7384,708962.6108,T,24/08/2023 10:13,56.21745645,-5.71067755,56.7
170027.753,708963.9154,T,24/08/2023 10:13,56.21746912,-5.710646267,58.1
170028.7641,708966.0114,T,24/08/2023 10:13,56.2174884,-5.710631817,60
170029.3293,708968.0589,T,24/08/2023 10:13,56.21750703,-5.7106245,61.2
170030.3939,708965.9603,T,24/08/2023 10:14,56.21748873,-5.71060555,57.8
170032.4186,708964.7435,T,24/08/2023 10:14,56.2174788,-5.710571917,58.5
170034.6958,708964.1746,T,24/08/2023 10:14,56.2174748,-5.710534783,59.1
170036.4498,708963.104,T,24/08/2023 10:14,56.21746605,-5.710505633,58.8
170038.2051,708964.6523,T,24/08/2023 10:14,56.21748078,-5.710478733,59.6
170038.8203,708966.6101,T,24/08/2023 10:14,56.21749863,-5.710470533,60.5
170041.3699,708966.2329,T,24/08/2023 10:14,56.21749648,-5.710429183,60
170043.451,708966.1987,T,24/08/2023 10:14,56.21749718,-5.710395667,62.2
170045.3294,708964.9954,T,24/08/2023 10:15,56.2174873,-5.7103644,60.4
170043.6991,708967.5517,T,24/08/2023 10:15,56.21750943,-5.71039285,61.8
170041.6547,708968.1349,T,24/08/2023 10:15,56.21751367,-5.71042625,59.6
170041.8036,708970.1859,T,24/08/2023 10:15,56.21753213,-5.710425633,57.2
170040.4218,708971.7238,T,24/08/2023 10:15,56.21754525,-5.7104492,56.7
170038.7674,708970.5671,T,24/08/2023 10:16,56.21753408,-5.710474817,61.2
170040.8299,708970.109,T,24/08/2023 10:16,56.21753097,-5.710441233,63.7
170040.6292,708967.9816,T,24/08/2023 10:16,56.2175118,-5.710442617,61.6
170038.8506,708968.9787,T,24/08/2023 10:16,56.21751988,-5.7104721,63.4
170037.7951,708970.7857,T,24/08/2023 10:16,56.21753557,-5.71049065,62.2
170039.1821,708968.7679,T,24/08/2023 10:17,56.21751815,-5.710466583,61.9
170040.2541,708966.8451,T,24/08/2023 10:17,56.21750143,-5.710447667,65.8
170039.6387,708964.8059,T,24/08/2023 10:18,56.21748285,-5.7104558,61.8
170039.6786,708966.9877,T,24/08/2023 10:18,56.21750243,-5.71045705,63.1
170039.3385,708964.9649,T,24/08/2023 10:19,56.21748413,-5.710460767,62.7
170037.6626,708966.3881,T,24/08/2023 10:19,56.21749608,-5.710488967,56.9
170035.7885,708968.2069,T,24/08/2023 10:19,56.21751148,-5.7105207,56.4
170035.4324,708970.4781,T,24/08/2023 10:19,56.21753167,-5.7105284,57.1
170036.8325,708972.2017,T,24/08/2023 10:19,56.2175478,-5.710507367,58.2
170035.4759,708974.5135,T,24/08/2023 10:19,56.21756787,-5.7105312,58.5
170033.5057,708973.917,T,24/08/2023 10:19,56.21756157,-5.710562383,57.6
170031.6751,708973.0855,T,24/08/2023 10:19,56.21755323,-5.710591117,58.2
170033.6688,708972.3701,T,24/08/2023 10:19,56.21754778,-5.710558417,60.6
170034.4034,708974.2378,T,24/08/2023 10:20,56.21756488,-5.710548217,60.3
170035.0762,708976.4937,T,24/08/2023 10:20,56.21758543,-5.71053935,57.9
170037.187,708975.9337,T,24/08/2023 10:20,56.21758143,-5.7105049,58
170036.1854,708974.0123,T,24/08/2023 10:20,56.21756372,-5.71051935,56
170036.4552,708971.274,T,24/08/2023 10:20,56.2175393,-5.710512633,56.3
170037.8885,708969.1745,T,24/08/2023 10:20,56.21752117,-5.71048775,57.3
170037.7998,708967.0879,T,24/08/2023 10:20,56.21750242,-5.710487367,57.3
170039.9404,708967.5592,T,24/08/2023 10:21,56.21750768,-5.710453333,56.1
170042.0292,708967.5302,T,24/08/2023 10:21,56.21750843,-5.7104197,54.4
170043.4684,708968.9417,T,24/08/2023 10:21,56.21752178,-5.710397767,56.5
170041.8501,708970.2994,T,24/08/2023 10:21,56.21753317,-5.710424983,56.5
170042.9994,708971.9618,T,24/08/2023 10:22,56.21754863,-5.710407933,55.7
170042.3206,708969.9182,T,24/08/2023 10:23,56.21752998,-5.710417083,59.2
170039.8772,708969.152,T,24/08/2023 10:23,56.21752193,-5.710455733,58.6
170038.1841,708970.3531,T,24/08/2023 10:23,56.21753188,-5.710484017,61.4
170038.8955,708968.2926,T,24/08/2023 10:24,56.21751375,-5.710470783,55.7
170037.7016,708969.9352,T,24/08/2023 10:24,56.2175279,-5.710491417,60.4
170036.5324,708971.7829,T,24/08/2023 10:24,56.2175439,-5.710511833,64.4
170038.2597,708970.7194,T,24/08/2023 10:24,56.2175352,-5.710483117,65
170038.0401,708972.8315,T,24/08/2023 10:25,56.21755403,-5.710488483,62.8
170037.6992,708970.85,T,24/08/2023 10:25,56.2175361,-5.71049225,63.4
170037.727,708968.543,T,24/08/2023 10:25,56.21751543,-5.7104898,60.4
170036.9646,708966.0064,T,24/08/2023 10:25,56.21749232,-5.710499867,59.3
170039.1302,708967.2683,T,24/08/2023 10:25,56.21750468,-5.710466117,59.7
170037.9022,708968.9484,T,24/08/2023 10:26,56.21751915,-5.710487333,62.6
170039.0534,708970.8573,T,24/08/2023 10:27,56.21753682,-5.710470467,60.7
170038.5698,708968.8422,T,24/08/2023 10:28,56.21751852,-5.7104765,58.7
170036.0661,708968.7653,T,24/08/2023 10:28,56.21751662,-5.710516717,57.3
170034.1838,708967.5517,T,24/08/2023 10:28,56.21750483,-5.71054595,59.9
170034.5693,708965.5567,T,24/08/2023 10:28,56.21748713,-5.710538017,60.7
170033.5009,708963.6456,T,24/08/2023 10:29,56.21746948,-5.71055355,60.1
170031.9779,708962.1985,T,24/08/2023 10:29,56.21745577,-5.7105768,60.1
170033.1097,708960.4622,T,24/08/2023 10:29,56.21744075,-5.710557083,57.8
170035.6999,708959.9734,T,24/08/2023 10:29,56.21743762,-5.710514983,55.7
170038.2429,708959.5139,T,24/08/2023 10:29,56.21743473,-5.710473667,55.8
170040.8023,708959.0491,T,24/08/2023 10:29,56.2174318,-5.710432083,56.9
170042.6044,708958.0061,T,24/08/2023 10:29,56.21742332,-5.710402183,56.8
170045.3247,708957.798,T,24/08/2023 10:29,56.21742277,-5.710358233,57.1
170047.2838,708959.322,T,24/08/2023 10:29,56.21743738,-5.710328033,58.5
170049.0552,708960.6319,T,24/08/2023 10:30,56.21744998,-5.710300667,59.9
170049.7658,708963.5706,T,24/08/2023 10:30,56.21747667,-5.710291783,61.7
170051.7058,708964.9137,T,24/08/2023 10:30,56.21748965,-5.710261733,61.6
170053.7289,708965.2419,T,24/08/2023 10:30,56.21749357,-5.710229467,60.3
170055.7145,708963.339,T,24/08/2023 10:30,56.21747747,-5.710195867,59.3
170056.6382,708961.2771,T,24/08/2023 10:30,56.21745943,-5.710179217,60.2
170057.4907,708959.2223,T,24/08/2023 10:30,56.21744142,-5.710163717,60.5
170058.2647,708961.089,T,24/08/2023 10:31,56.21745853,-5.710152883,63.3
170059.9393,708962.1977,T,24/08/2023 10:31,56.21746928,-5.7101269,66.3
170061.2716,708960.5688,T,24/08/2023 10:31,56.21745532,-5.71010405,62.8
170062.1869,708958.775,T,24/08/2023 10:31,56.21743968,-5.710087767,55.7
170062.75,708960.7066,T,24/08/2023 10:31,56.21745727,-5.710080383,56.8
170060.7947,708961.2705,T,24/08/2023 10:32,56.21746138,-5.710112333,61
170058.8535,708961.809,T,24/08/2023 10:32,56.21746527,-5.710144033,61.8
170059.7293,708959.8389,T,24/08/2023 10:32,56.21744803,-5.710128233,60.2
170060.0521,708961.9652,T,24/08/2023 10:32,56.21746725,-5.710124883,60.4
170061.7633,708963.2527,T,24/08/2023 10:33,56.21747962,-5.710098467,60.7
170060.9738,708961.1548,T,24/08/2023 10:33,56.21746043,-5.71010935,62.3
170059.1338,708960.1097,T,24/08/2023 10:33,56.21745017,-5.71013805,63.3
170060.3042,708961.8568,T,24/08/2023 10:34,56.2174664,-5.710120733,64.5
170058.3496,708961.0889,T,24/08/2023 10:34,56.21745857,-5.710151517,65
170060.4489,708960.6199,T,24/08/2023 10:35,56.21745538,-5.710117333,61.9
170059.6113,708962.5489,T,24/08/2023 10:35,56.21747227,-5.710132483,64.8
170060.7457,708964.4743,T,24/08/2023 10:35,56.21749008,-5.7101159,59.4
170060.7733,708962.3926,T,24/08/2023 10:35,56.21747143,-5.71011365,56.9
170059.2064,708964.3777,T,24/08/2023 10:36,56.21748847,-5.710140583,63.8
170058.7125,708966.3987,T,24/08/2023 10:36,56.21750635,-5.710150283,69
170058.9016,708964.3718,T,24/08/2023 10:36,56.21748827,-5.710145483,62.9
170060.0598,708962.6251,T,24/08/2023 10:37,56.21747317,-5.710125333,60.4
170058.0251,708962.601,T,24/08/2023 10:37,56.21747197,-5.71015805,67.9
170060.0288,708961.9743,T,24/08/2023 10:37,56.21746732,-5.710125267,61.7
170060.0457,708964.2098,T,24/08/2023 10:38,56.21748737,-5.710126933,63.8
170059.4911,708966.1425,T,24/08/2023 10:38,56.21750443,-5.710137533,60.2
170057.5788,708964.9674,T,24/08/2023 10:38,56.21749297,-5.710167283,64.3
170057.6783,708962.6621,T,24/08/2023 10:39,56.21747235,-5.710163683,60.9
170058.1852,708960.5568,T,24/08/2023 10:39,56.21745372,-5.7101537,57.9
170058.6589,708958.6027,T,24/08/2023 10:39,56.21743643,-5.710144383,61.2
170060.0666,708960.4274,T,24/08/2023 10:39,56.21745347,-5.710123317,62.7
170061.6062,708959.0506,T,24/08/2023 10:40,56.21744187,-5.71009735,60
170060.0401,708960.6464,T,24/08/2023 10:40,56.21745542,-5.710123933,59.9
170058.4289,708962.0026,T,24/08/2023 10:40,56.2174668,-5.710151033,60.8
170056.0077,708961.5721,T,24/08/2023 10:40,56.21746177,-5.710189617,62.9
170054.2975,708959.8607,T,24/08/2023 10:40,56.2174456,-5.71021565,61.7
170052.8471,708957.8386,T,24/08/2023 10:40,56.21742677,-5.710237233,61.1
170053.1216,708955.342,T,24/08/2023 10:40,56.21740452,-5.71023065,61.1
170054.0681,708953.454,T,24/08/2023 10:40,56.21738805,-5.710213783,61.2
170056.3912,708952.4498,T,24/08/2023 10:41,56.21738017,-5.710175533,59.5
170058.9342,708951.8342,T,24/08/2023 10:41,56.21737588,-5.710134083,59.7
170061.1942,708951.1011,T,24/08/2023 10:41,56.2173704,-5.710097083,61.6
170063.3434,708949.8865,T,24/08/2023 10:41,56.21736055,-5.71006145,59.6
170065.9609,708950.2507,T,24/08/2023 10:41,56.21736508,-5.71001965,59.3
170068.6165,708949.3814,T,24/08/2023 10:41,56.21735857,-5.709976167,59.3
170071.083,708948.9986,T,24/08/2023 10:41,56.21735633,-5.70993615,59.3
170073.5253,708948.2835,T,24/08/2023 10:41,56.2173511,-5.709896233,60.2
170075.6026,708947.1588,T,24/08/2023 10:41,56.21734202,-5.709861833,61
170077.3166,708946.058,T,24/08/2023 10:41,56.21733298,-5.7098333,61.1
170079.3547,708943.801,T,24/08/2023 10:41,56.21731373,-5.70979855,60.8
170081.1499,708942.3033,T,24/08/2023 10:41,56.21730117,-5.709768367,60.8
170082.656,708943.6286,T,24/08/2023 10:41,56.21731378,-5.709745283,61
170083.9767,708945.5306,T,24/08/2023 10:41,56.21733147,-5.709725683,61.1
170085.5229,708948.0238,T,24/08/2023 10:41,56.21735457,-5.709702967,61.9
170086.8259,708950.539,T,24/08/2023 10:41,56.21737775,-5.709684183,62.5
170088.9556,708953.2684,T,24/08/2023 10:41,56.21740325,-5.709652283,63.3
170090.5626,708954.9084,T,24/08/2023 10:42,56.21741873,-5.70962785,63.2
170092.8694,708955.7344,T,24/08/2023 10:42,56.21742725,-5.70959145,61.5
170096.4465,708957.759,T,24/08/2023 10:42,56.21744713,-5.70953565,58.9
170098.1483,708959.3727,T,24/08/2023 10:42,56.21746242,-5.709509667,58.4
170100.3583,708961.0549,T,24/08/2023 10:42,56.21747857,-5.709475567,58
170101.805,708962.4693,T,24/08/2023 10:42,56.21749195,-5.709453517,57.6
170103.962,708963.6491,T,24/08/2023 10:42,56.21750357,-5.709419833,56.5
170105.8888,708965.0744,T,24/08/2023 10:42,56.21751728,-5.709390067,56.8
170107.2263,708966.9599,T,24/08/2023 10:42,56.21753483,-5.709370183,57.8
170108.8627,708968.9742,T,24/08/2023 10:42,56.21755368,-5.7093456,59.8
170110.0647,708971.7692,T,24/08/2023 10:42,56.21757932,-5.709328683,60.2
170111.4624,708974.4657,T,24/08/2023 10:42,56.21760417,-5.709308533,60.5
170112.4992,708976.2725,T,24/08/2023 10:42,56.21762087,-5.709293417,60.9
170113.9934,708978.261,T,24/08/2023 10:42,56.21763942,-5.7092711,61.1
170116.3724,708979.2939,T,24/08/2023 10:42,56.21764983,-5.709233717,58.3
170118.0848,708980.9293,T,24/08/2023 10:42,56.21766532,-5.709207583,56.4
170120.114,708982.4852,T,24/08/2023 10:42,56.21768025,-5.709176283,56.1
170121.7222,708983.8619,T,24/08/2023 10:42,56.21769337,-5.7091516,56.8
170123.0938,708985.6507,T,24/08/2023 10:42,56.21771007,-5.709131083,57.5
170124.791,708987.1609,T,24/08/2023 10:42,56.21772443,-5.709105083,58.6
170127.0875,708989.0638,T,24/08/2023 10:42,56.2177426,-5.709069783,59.9
170128.5303,708991.1388,T,24/08/2023 10:43,56.2177619,-5.709048367,60.2
170129.1432,708993.1502,T,24/08/2023 10:43,56.21778023,-5.70904025,61.6
170129.9519,708995.0664,T,24/08/2023 10:43,56.2177978,-5.7090289,56.7
170131.0842,708997.2417,T,24/08/2023 10:43,56.21781785,-5.709012567,55.6
170132.344,708999.341,T,24/08/2023 10:43,56.21783728,-5.708994117,56.8
170133.9426,709001.653,T,24/08/2023 10:43,56.21785878,-5.7089704,58.4
170135.5594,709004.342,T,24/08/2023 10:43,56.21788367,-5.708946717,59.7
170136.5727,709006.497,T,24/08/2023 10:43,56.21790348,-5.708932283,61.2
170138.4464,709008.2833,T,24/08/2023 10:43,56.2179204,-5.708903683,62.5
170140.064,709009.9863,T,24/08/2023 10:43,56.21793645,-5.708879133,62.8
170142.3585,709011.3929,T,24/08/2023 10:43,56.21795017,-5.708843433,63.5
170144.2296,709012.7655,T,24/08/2023 10:43,56.21796338,-5.708814517,63.7
170144.1725,709010.6103,T,24/08/2023 10:44,56.21794403,-5.708813567,60.6
170142.6562,709012.2279,T,24/08/2023 10:44,56.2179578,-5.708839367,60.4
170144.6511,709012.9938,T,24/08/2023 10:44,56.21796563,-5.708807933,62.2
170146.7715,709012.9576,T,24/08/2023 10:44,56.21796633,-5.708773783,61.9
170148.7407,709012.4967,T,24/08/2023 10:44,56.21796315,-5.7087417,60.5
170150.7943,709012.5846,T,24/08/2023 10:44,56.21796493,-5.708708733,59.9
170151.1456,709014.8377,T,24/08/2023 10:45,56.2179853,-5.708705033,60.9
170153.2494,709014.6262,T,24/08/2023 10:45,56.21798442,-5.708671,60.7
170155.0661,709015.5076,T,24/08/2023 10:45,56.2179932,-5.708642533,57.6
170158.1197,709017.1812,T,24/08/2023 10:45,56.21800968,-5.70859485,65.3
170156.0955,709017.2345,T,24/08/2023 10:46,56.21800918,-5.708627467,65.4
170154.1086,709016.0388,T,24/08/2023 10:46,56.2179975,-5.7086584,62.5
170156.1171,709016.5574,T,24/08/2023 10:46,56.21800312,-5.708626533,59.1
170158.5847,709015.0447,T,24/08/2023 10:46,56.21799075,-5.708585517,59.5
170159.628,709013.3187,T,24/08/2023 10:46,56.21797578,-5.708567233,58.9
170157.0594,709014.1899,T,24/08/2023 10:46,56.21798235,-5.708609317,63.8
170155.298,709015.2553,T,24/08/2023 10:46,56.21799105,-5.708638583,63.9
170154.5997,709017.1946,T,24/08/2023 10:47,56.2180081,-5.7086515,64.4
170154.3158,709015.0595,T,24/08/2023 10:47,56.21798882,-5.708654217,63.6
170155.8905,709013.3919,T,24/08/2023 10:47,56.21797463,-5.708627433,63
170154.8588,709011.6238,T,24/08/2023 10:47,56.21795828,-5.7086425,61.3
170154.4368,709013.6899,T,24/08/2023 10:47,56.2179766,-5.708651083,61.9
170156.377,709014.4241,T,24/08/2023 10:48,56.21798412,-5.7086205,60.1
170155.3046,709016.2052,T,24/08/2023 10:48,56.21799957,-5.7086393,61
170155.7606,709014.1517,T,24/08/2023 10:48,56.21798138,-5.708630183,60.6
170153.7245,709012.7947,T,24/08/2023 10:49,56.21796823,-5.708661767,59.9
170153.4608,709010.7276,T,24/08/2023 10:49,56.21794957,-5.708664217,61.7
170153.1198,709008.494,T,24/08/2023 10:49,56.21792938,-5.708667767,61.4
170152.8486,709010.842,T,24/08/2023 10:49,56.2179503,-5.708674167,65.2
170155.5241,709011.5902,T,24/08/2023 10:49,56.2179583,-5.708631767,65.9
170152.5279,709011.9056,T,24/08/2023 10:49,56.21795968,-5.70868025,67.8
170153.202,709009.9028,T,24/08/2023 10:50,56.21794205,-5.708667667,59.8
170151.5026,709011.0239,T,24/08/2023 10:50,56.21795128,-5.708695983,57.4
170152.5105,709009.1615,T,24/08/2023 10:50,56.21793507,-5.70867815,57.6
170150.1169,709008.1651,T,24/08/2023 10:50,56.21792498,-5.7087158,60.4
170148.9057,709006.1602,T,24/08/2023 10:51,56.21790642,-5.70873355,62.5
170146.8019,709006.9294,T,24/08/2023 10:51,56.2179123,-5.708768067,61.9
170147.5198,709009.2164,T,24/08/2023 10:51,56.21793315,-5.7087585,63.2
170145.3496,709010.0806,T,24/08/2023 10:51,56.21793985,-5.708794167,59.3
170143.9821,709012.1699,T,24/08/2023 10:51,56.21795792,-5.708817983,61.1
170143.5882,709014.5669,T,24/08/2023 10:51,56.21797922,-5.7088264,64.9
170144.8164,709012.967,T,24/08/2023 10:51,56.21796547,-5.70880525,61
170144.9274,709010.5864,T,24/08/2023 10:52,56.21794418,-5.7088014,59.4
170145.917,709012.5931,T,24/08/2023 10:52,56.21796265,-5.708787217,57.1
170146.1008,709014.8308,T,24/08/2023 10:52,56.2179828,-5.7087862,58.4
170144.8759,709013.1869,T,24/08/2023 10:52,56.21796747,-5.708804483,61.7
170143.8749,709011.3335,T,24/08/2023 10:52,56.21795037,-5.708818983,63.8
170142.6684,709009.4946,T,24/08/2023 10:52,56.2179333,-5.7088368,63.5
170141.037,709007.6116,T,24/08/2023 10:52,56.21791563,-5.708861417,62.9
170138.7418,709007.3639,T,24/08/2023 10:52,56.2179123,-5.708898133,63.2
170136.6887,709006.6715,T,24/08/2023 10:52,56.2179051,-5.708930567,63.4
170135.1132,709004.6148,T,24/08/2023 10:53,56.2178859,-5.708954133,63.8
170133.2133,709002.6314,T,24/08/2023 10:53,56.2178672,-5.708982983,64.4
170131.9216,709000.3833,T,24/08/2023 10:53,56.21784642,-5.709001817,63.8
170130.3254,708998.4226,T,24/08/2023 10:53,56.21782807,-5.7090258,62.8
170129.1726,708996.7313,T,24/08/2023 10:53,56.21781235,-5.709042883,62.3
170128.3953,708994.8793,T,24/08/2023 10:53,56.21779537,-5.709053783,62.2
170127.3245,708992.405,T,24/08/2023 10:53,56.21777267,-5.709068867,61.6
170125.4583,708990.5291,T,24/08/2023 10:53,56.21775495,-5.709097267,62
170123.6795,708989.3512,T,24/08/2023 10:53,56.21774353,-5.709124867,62.1
170121.513,708988.2634,T,24/08/2023 10:53,56.21773273,-5.709158783,61.6
170119.8216,708986.4015,T,24/08/2023 10:53,56.21771522,-5.709184383,60.3
170118.2455,708984.6795,T,24/08/2023 10:53,56.21769902,-5.70920825,59.5
170116.6325,708983.2919,T,24/08/2023 10:53,56.2176858,-5.709233,59.1
170114.5254,708982.212,T,24/08/2023 10:53,56.2176751,-5.709265967,60.8
170113.2652,708979.9521,T,24/08/2023 10:53,56.21765423,-5.709284283,62.3
170110.8898,708978.2944,T,24/08/2023 10:53,56.21763822,-5.709321067,63.1
170109.7959,708976.6022,T,24/08/2023 10:53,56.21762252,-5.7093372,63.5
170108.0739,708973.9802,T,24/08/2023 10:54,56.21759818,-5.709362633,64
170106.9163,708971.9334,T,24/08/2023 10:54,56.21757927,-5.709379483,64
170105.7367,708970.074,T,24/08/2023 10:54,56.21756203,-5.70939685,64.4
170104.559,708968.1343,T,24/08/2023 10:54,56.21754407,-5.709414117,64.1
170103.6173,708966.2086,T,24/08/2023 10:54,56.21752635,-5.7094276,64.6
170101.791,708963.7271,T,24/08/2023 10:54,56.21750322,-5.709454833,64.4
170100.3671,708961.8519,T,24/08/2023 10:54,56.21748572,-5.709476117,63.4
170098.3287,708959.3551,T,24/08/2023 10:54,56.21746235,-5.70950675,62.9
170096.5718,708957.6819,T,24/08/2023 10:54,56.2174465,-5.709533567,63.5
170095.058,708956.2711,T,24/08/2023 10:54,56.21743312,-5.7095567,63.7
170092.6663,708955.0237,T,24/08/2023 10:54,56.21742078,-5.7095941,64.2
170090.6229,708953.4329,T,24/08/2023 10:54,56.21740553,-5.7096256,63.5
170088.7016,708952.2649,T,24/08/2023 10:54,56.21739413,-5.7096555,63.3
170086.9763,708950.754,T,24/08/2023 10:54,56.21737975,-5.70968195,63.2
170085.5136,708948.9846,T,24/08/2023 10:54,56.21736318,-5.70970395,63.9
170084.4507,708947.2339,T,24/08/2023 10:54,56.21734697,-5.709719533,64
170083.1607,708945.2288,T,24/08/2023 10:54,56.21732837,-5.70973855,64
170081.873,708943.5928,T,24/08/2023 10:54,56.21731308,-5.70975785,64
170083.1059,708941.5989,T,24/08/2023 10:54,56.2172958,-5.709736283,63.9
170084.6826,708939.93,T,24/08/2023 10:54,56.2172816,-5.709709467,63.4
170086.2597,708938.4987,T,24/08/2023 10:54,56.21726953,-5.70968285,63.5
170087.5001,708936.49,T,24/08/2023 10:54,56.21725212,-5.70966115,64.5
170089.0754,708934.4877,T,24/08/2023 10:54,56.21723493,-5.709634067,64.8
170091.1582,708933.2711,T,24/08/2023 10:55,56.21722503,-5.7095995,65.4
170092.3216,708931.1226,T,24/08/2023 10:55,56.21720633,-5.709578917,64.7
170093.8201,708929.7112,T,24/08/2023 10:55,56.2171944,-5.709553583,64.1
170096.3986,708928.1222,T,24/08/2023 10:55,56.2171814,-5.709510717,63.9
170098.8091,708926.8746,T,24/08/2023 10:55,56.21717138,-5.70947085,64
170101.8576,708924.3568,T,24/08/2023 10:55,56.21715028,-5.709419617,62.7
170104.5863,708923.0742,T,24/08/2023 10:55,56.2171401,-5.7093746,64.2
170105.7845,708921.225,T,24/08/2023 10:55,56.2171241,-5.709353717,63.7
170107.5085,708919.5404,T,24/08/2023 10:55,56.21710983,-5.709324517,63.4
170109.9417,708918.2314,T,24/08/2023 10:55,56.21709927,-5.709284233,63.8
170111.8383,708916.9814,T,24/08/2023 10:55,56.21708898,-5.709252633,64.2
170113.7629,708916.0411,T,24/08/2023 10:55,56.21708148,-5.70922085,65.4
170116.577,708915.17,T,24/08/2023 10:55,56.21707503,-5.709174817,66.9
170118.2693,708913.07,T,24/08/2023 10:55,56.21705702,-5.709145767,67.4
170120.2654,708911.0718,T,24/08/2023 10:55,56.21704007,-5.709111917,65.8
170122.4395,708908.9926,T,24/08/2023 10:55,56.21702248,-5.709075133,65.5
170123.8944,708907.5813,T,24/08/2023 10:55,56.21701053,-5.7090505,65.7
170125.9974,708905.7413,T,24/08/2023 10:55,56.21699505,-5.709015067,66
170127.7456,708904.5429,T,24/08/2023 10:55,56.21698515,-5.7089859,66
170130.2817,708902.9149,T,24/08/2023 10:55,56.21697178,-5.708943683,65.9
170132.5801,708901.1057,T,24/08/2023 10:55,56.21695667,-5.708905133,65.7
170135.3377,708901.3976,T,24/08/2023 10:55,56.21696062,-5.708861017,65.8
170137.6296,708901.8496,T,24/08/2023 10:56,56.21696578,-5.708824533,65.7
170139.9373,708902.6164,T,24/08/2023 10:56,56.21697377,-5.708788067,65
170141.8892,708903.4883,T,24/08/2023 10:56,56.21698253,-5.708757417,65.3
170144.9485,708904.9742,T,24/08/2023 10:56,56.21699733,-5.708709483,65.8
170147.7822,708906.025,T,24/08/2023 10:56,56.21700812,-5.7086648,65
170150.3325,708906.6025,T,24/08/2023 10:56,56.21701453,-5.708624267,64.5
170152.7875,708906.9498,T,24/08/2023 10:56,56.21701883,-5.708585067,64.2
170155.0312,708908.1618,T,24/08/2023 10:56,56.21703078,-5.708550017,64
170157.8331,708909.1206,T,24/08/2023 10:56,56.21704073,-5.708505767,63.8
170160.348,708909.3866,T,24/08/2023 10:56,56.21704433,-5.708465533,63.6
170162.3368,708910.4049,T,24/08/2023 10:56,56.21705442,-5.708434417,64.3
170164.4698,708911.7154,T,24/08/2023 10:56,56.2170672,-5.708401233,64.5
170166.0265,708913.1351,T,24/08/2023 10:56,56.21708068,-5.708377417,64.6
170168.0824,708914.0527,T,24/08/2023 10:56,56.2170899,-5.708345133,64.7
170170.2052,708915.8289,T,24/08/2023 10:56,56.21710685,-5.708312517,65.6
170172.022,708917.3449,T,24/08/2023 10:56,56.21712132,-5.7082846,66
170174.6508,708919.1864,T,24/08/2023 10:56,56.2171391,-5.7082439,65.8
170177.4122,708920.2612,T,24/08/2023 10:56,56.21715007,-5.7082004,66
170179.3339,708921.0533,T,24/08/2023 10:56,56.2171581,-5.708170167,65.6
170181.8438,708922.2643,T,24/08/2023 10:56,56.21717017,-5.708130833,64.3
170183.9669,708923.1605,T,24/08/2023 10:56,56.21717923,-5.70809745,64.1
170185.5383,708924.6418,T,24/08/2023 10:56,56.21719327,-5.70807345,64.2
170187.2886,708925.809,T,24/08/2023 10:56,56.21720458,-5.7080463,64.5
170189.6682,708926.7181,T,24/08/2023 10:56,56.21721388,-5.7080088,64.4
170190.7631,708928.872,T,24/08/2023 10:57,56.21723372,-5.70799305,66.8
170190.3246,708930.8844,T,24/08/2023 10:57,56.21725155,-5.70800185,69.5
170191.0271,708933.2524,T,24/08/2023 10:57,56.21727312,-5.7079926,71.3
170190.3145,708935.6945,T,24/08/2023 10:57,56.21729467,-5.708006183,71.1
170191.1614,708938.0135,T,24/08/2023 10:57,56.21731587,-5.707994567,71.3
170191.8209,708940.0258,T,24/08/2023 10:57,56.21733423,-5.7079857,69
170192.3153,708942.0114,T,24/08/2023 10:57,56.21735227,-5.707979467,68.5
170192.6199,708944.6842,T,24/08/2023 10:57,56.21737638,-5.707976883,67.8
170191.4401,708946.6461,T,24/08/2023 10:57,56.2173934,-5.707997567,66.7
170190.075,708948.3403,T,24/08/2023 10:57,56.21740793,-5.708021,67.1
170189.4215,708950.458,T,24/08/2023 10:57,56.2174266,-5.70803335,66.8
170188.348,708952.2001,T,24/08/2023 10:57,56.2174417,-5.708052133,65.8
170188.3219,708954.5416,T,24/08/2023 10:57,56.21746268,-5.708054583,65.4
170187.8535,708956.7474,T,24/08/2023 10:57,56.21748223,-5.708064033,64.5
170187.5115,708958.8405,T,24/08/2023 10:57,56.21750083,-5.70807135,64.1
170186.5353,708960.7558,T,24/08/2023 10:57,56.21751753,-5.708088717,63.7
170186.4015,708963.5002,T,24/08/2023 10:57,56.21754207,-5.70809325,63.8
170187.3178,708965.705,T,24/08/2023 10:57,56.21756228,-5.708080417,64.2
170188.4513,708968.2863,T,24/08/2023 10:58,56.21758597,-5.708064417,65.8
170189.5127,708970.0282,T,24/08/2023 10:58,56.2176021,-5.70804885,65.6
170190.2742,708972.2035,T,24/08/2023 10:58,56.21762197,-5.708038483,65.8
170190.0574,708974.3511,T,24/08/2023 10:58,56.21764112,-5.708043833,65.9
170189.4194,708976.9286,T,24/08/2023 10:58,56.21766392,-5.708056333,66.6
170189.0761,708979.0161,T,24/08/2023 10:58,56.21768247,-5.708063667,67.4
170187.5525,708981.4406,T,24/08/2023 10:58,56.21770347,-5.708090283,67
170187.3626,708983.6649,T,24/08/2023 10:58,56.21772332,-5.708095267,68.1
170188.9146,708985.1316,T,24/08/2023 10:58,56.21773722,-5.708071567,68
170190.6651,708986.2453,T,24/08/2023 10:58,56.21774805,-5.708044367,66.2
170191.7239,708988.8629,T,24/08/2023 10:58,56.21777203,-5.7080296,62.1
170192.064,708991.0218,T,24/08/2023 10:58,56.21779155,-5.708026,63.2
170192.9021,708993.0814,T,24/08/2023 10:58,56.21781042,-5.7080143,63
170193.6699,708994.9318,T,24/08/2023 10:58,56.21782738,-5.70800355,63.3
170195.5534,708996.5725,T,24/08/2023 10:58,56.217843,-5.707974667,63.2
170197.5677,708996.8354,T,24/08/2023 10:59,56.21784633,-5.707942483,64.9
170197.3149,708998.8902,T,24/08/2023 10:59,56.21786463,-5.707948333,67.7
170198.3305,708997.1311,T,24/08/2023 10:59,56.21784935,-5.707930467,61
170200.4634,708997.3653,T,24/08/2023 11:00,56.21785248,-5.70789635,61.6
170201.5706,708999.0925,T,24/08/2023 11:00,56.2178685,-5.707880033,61.6
170199.5192,708999.2956,T,24/08/2023 11:00,56.21786933,-5.707913217,63.1
170198.1626,708997.7648,T,24/08/2023 11:00,56.21785495,-5.707933717,63.2
170199.1601,708995.8405,T,24/08/2023 11:00,56.21783818,-5.707916,64.5
170200.6325,708997.3105,T,24/08/2023 11:01,56.21785207,-5.707893583,59.8
170200.0421,708999.6958,T,24/08/2023 11:01,56.21787317,-5.70790515,59.8
170201.6108,708998.3207,T,24/08/2023 11:01,56.2178616,-5.707878717,62.2
170200.6924,708996.5387,T,24/08/2023 11:02,56.21784518,-5.70789195,62.3
170199.7499,708998.6184,T,24/08/2023 11:02,56.21786337,-5.707908917,60.5
170201.4236,708999.7674,T,24/08/2023 11:02,56.21787448,-5.707882983,60.9
170200.0245,708997.8128,T,24/08/2023 11:02,56.21785628,-5.7079038,62
170201.264,708996.209,T,24/08/2023 11:03,56.2178425,-5.707882467,61.1
170200.3623,708994.2387,T,24/08/2023 11:03,56.2178244,-5.707895267,60.7
170198.6416,708995.3108,T,24/08/2023 11:03,56.21783318,-5.707923883,62.1
170198.603,708997.8437,T,24/08/2023 11:03,56.21785587,-5.7079267,64.6
170198.3491,709000.0725,T,24/08/2023 11:03,56.21787573,-5.707932717,66.4
170199.2394,708998.0436,T,24/08/2023 11:04,56.21785797,-5.707916633,66.8
170199.244,709000.224,T,24/08/2023 11:04,56.21787752,-5.70791845,65.9
170200.903,708999.0839,T,24/08/2023 11:04,56.2178681,-5.707890767,63.4
170201.1517,709001.1418,T,24/08/2023 11:05,56.21788667,-5.70788855,65.9
170200.9925,708998.8225,T,24/08/2023 11:05,56.2178658,-5.7078891,62.4
170199.8805,709000.541,T,24/08/2023 11:05,56.21788067,-5.707908483,61.5
170200.7274,708998.6695,T,24/08/2023 11:06,56.2178643,-5.707893233,62
170202.7876,708998.0153,T,24/08/2023 11:06,56.21785943,-5.707859517,62.6
170201.5769,708999.7871,T,24/08/2023 11:06,56.21787473,-5.707880533,64.6
170202.2163,709001.7904,T,24/08/2023 11:06,56.217893,-5.707871983,67.3
170202.1924,708999.6368,T,24/08/2023 11:06,56.21787368,-5.7078705,65.3
170201.3985,708997.6094,T,24/08/2023 11:06,56.21785512,-5.707881517,62.7
170200.7911,708995.5073,T,24/08/2023 11:07,56.21783598,-5.707889467,58.5
170200.4048,708997.5659,T,24/08/2023 11:07,56.21785425,-5.707897467,62.3
170201.1605,708999.5362,T,24/08/2023 11:08,56.21787228,-5.707887017,61.3
170199.4331,708998.2931,T,24/08/2023 11:08,56.2178603,-5.707913733,63.3
170202.6898,708997.6603,T,24/08/2023 11:09,56.2178562,-5.707860783,57.4
170200.5096,708998.1269,T,24/08/2023 11:09,56.21785933,-5.707896267,58.9
170197.958,708997.8316,T,24/08/2023 11:09,56.21785545,-5.707937067,60.8
170197.0568,708996.042,T,24/08/2023 11:09,56.21783897,-5.707950017,61.7
170194.639,708996.0395,T,24/08/2023 11:09,56.21783778,-5.707988917,63.6
170193.9429,708993.1926,T,24/08/2023 11:09,56.21781192,-5.70799765,63.2
170193.379,708991.1484,T,24/08/2023 11:09,56.21779332,-5.70800495,62.6
170192.8052,708988.7266,T,24/08/2023 11:09,56.21777133,-5.708012083,62.4
170191.8961,708986.4076,T,24/08/2023 11:09,56.2177501,-5.7080247,62.6
170191.6858,708984.235,T,24/08/2023 11:09,56.21773052,-5.7080262,61.3
170189.8662,708982.5294,T,24/08/2023 11:10,56.21771435,-5.708054,60.2
170188.0872,708980.9823,T,24/08/2023 11:10,56.21769962,-5.708081283,61.4
170188.1461,708978.8655,T,24/08/2023 11:10,56.21768067,-5.7080785,59.6
170188.4249,708976.3498,T,24/08/2023 11:10,56.21765825,-5.708071833,60
170188.5424,708974.2242,T,24/08/2023 11:10,56.21763925,-5.7080681,60.9
170188.9243,708971.6237,T,24/08/2023 11:10,56.21761612,-5.7080597,62.3
170188.4599,708968.9829,T,24/08/2023 11:10,56.21759222,-5.708064883,61
170187.6818,708966.9815,T,24/08/2023 11:10,56.2175739,-5.708075667,60.8
170187.0175,708964.3013,T,24/08/2023 11:10,56.21754955,-5.708084033,61.4
170187.4348,708961.2806,T,24/08/2023 11:10,56.21752267,-5.7080747,62
170188.0958,708958.3818,T,24/08/2023 11:10,56.217497,-5.70806155,62.5
170189.2715,708956.5171,T,24/08/2023 11:10,56.21748085,-5.708041017,63
170190.7389,708954.5675,T,24/08/2023 11:10,56.21746408,-5.708015717,64.5
170189.8327,708952.4569,T,24/08/2023 11:10,56.21744472,-5.708028467,64.2
170190.2436,708949.9118,T,24/08/2023 11:10,56.2174221,-5.70801965,65.1
170191.0549,708947.9362,T,24/08/2023 11:10,56.21740478,-5.708004883,67
170191.3888,708944.8676,T,24/08/2023 11:10,56.21737743,-5.70799685,66.7
170191.2034,708942.465,T,24/08/2023 11:10,56.2173558,-5.70799775,67
170190.8779,708939.6528,T,24/08/2023 11:11,56.21733043,-5.70800055,66.7
170190.9863,708936.6856,T,24/08/2023 11:11,56.21730388,-5.707996233,65.1
170190.34,708934.7451,T,24/08/2023 11:11,56.21728617,-5.70800495,64.5
170190.0359,708932.7548,T,24/08/2023 11:11,56.21726818,-5.708008117,64.2
170190.1556,708930.2276,T,24/08/2023 11:11,56.21724558,-5.708004,64.7
170192.4974,708929.3006,T,24/08/2023 11:11,56.2172384,-5.707965517,66.3
170194.4842,708930.1282,T,24/08/2023 11:11,56.21724678,-5.707934267,66.8
170196.9622,708931.0755,T,24/08/2023 11:11,56.21725647,-5.707895217,66.8
170199.4757,708931.9116,T,24/08/2023 11:11,56.21726518,-5.7078555,67
170201.7746,708932.8417,T,24/08/2023 11:11,56.21727463,-5.707819317,67.9
170203.7296,708934.1741,T,24/08/2023 11:11,56.21728752,-5.707789017,68.9
170205.7269,708935.6002,T,24/08/2023 11:11,56.21730127,-5.707758117,69.6
170207.5793,708937.0485,T,24/08/2023 11:11,56.21731515,-5.707729567,69.9
170209.6182,708937.9392,T,24/08/2023 11:11,56.21732412,-5.707697533,69.9
170212.2093,708938.4666,T,24/08/2023 11:11,56.2173301,-5.7076563,69
170214.2499,708938.2373,T,24/08/2023 11:11,56.21732903,-5.707623267,69.1
170216.5578,708938.9104,T,24/08/2023 11:11,56.21733618,-5.707586717,69.7
170218.537,708940.3843,T,24/08/2023 11:11,56.21735035,-5.70755615,69.3
170220.7477,708940.408,T,24/08/2023 11:11,56.21735163,-5.7075206,69.2
170223.6111,708941.1059,T,24/08/2023 11:11,56.21735927,-5.707475133,69.7
170225.9716,708943.2764,T,24/08/2023 11:11,56.21737987,-5.707439033,69
170227.807,708945.4864,T,24/08/2023 11:11,56.21740057,-5.707411417,69.4
170229.5161,708947.4466,T,24/08/2023 11:11,56.21741897,-5.707385617,68.8
170232.6411,708947.7891,T,24/08/2023 11:11,56.21742355,-5.707335633,66.8
170235.2934,708948.5686,T,24/08/2023 11:11,56.21743182,-5.707293633,67.2
170237.6495,708949.6184,T,24/08/2023 11:12,56.21744237,-5.707256633,67.9
170239.5526,708950.8164,T,24/08/2023 11:12,56.21745403,-5.70722705,67.9
170241.6495,708952.7837,T,24/08/2023 11:12,56.21747268,-5.707195017,66.9
170244.0786,708954.2467,T,24/08/2023 11:12,56.21748697,-5.7071572,67.7
170245.9203,708955.0543,T,24/08/2023 11:12,56.2174951,-5.707128267,68.4
170247.968,708955.8006,T,24/08/2023 11:12,56.21750278,-5.707095967,68.6
170250.309,708956.2255,T,24/08/2023 11:12,56.21750772,-5.707058667,68.1
170253.3213,708955.5535,T,24/08/2023 11:12,56.21750315,-5.707009617,67.3
170255.8708,708956.5014,T,24/08/2023 11:12,56.21751288,-5.706969417,67
170257.6082,708958.0831,T,24/08/2023 11:12,56.2175279,-5.706942833,67.5
170259.1143,708960.6421,T,24/08/2023 11:12,56.21755157,-5.706920817,67.8
170260.6733,708962.1989,T,24/08/2023 11:12,56.21756628,-5.706897083,68
170262.3775,708964.571,T,24/08/2023 11:12,56.21758837,-5.706871717,67.6
170262.8654,708966.6483,T,24/08/2023 11:12,56.21760723,-5.706865667,67.7
170263.0985,708968.668,T,24/08/2023 11:12,56.21762545,-5.706863667,66.9
170263.9324,708970.5918,T,24/08/2023 11:12,56.2176431,-5.706851917,66.7
170265.2268,708972.6022,T,24/08/2023 11:12,56.21766175,-5.706832833,66.4
170266.4172,708974.7243,T,24/08/2023 11:12,56.21768135,-5.706815517,64.5
170267.0533,708976.8594,T,24/08/2023 11:12,56.2177008,-5.706807133,63
170266.3064,708978.9542,T,24/08/2023 11:13,56.21771922,-5.706820967,60.3
170265.3617,708981.1467,T,24/08/2023 11:13,56.21773842,-5.706838067,58.7
170264.0984,708983.0194,T,24/08/2023 11:13,56.2177546,-5.706860017,57.5
170261.3501,708982.3421,T,24/08/2023 11:13,56.2177472,-5.70690365,58.3
170259.1995,708982.2215,T,24/08/2023 11:13,56.21774508,-5.70693815,59.5
170257.9662,708983.8071,T,24/08/2023 11:13,56.2177587,-5.706959367,60.7
170257.7935,708985.8888,T,24/08/2023 11:13,56.21777728,-5.70696395,61.1
170256.5172,708987.596,T,24/08/2023 11:13,56.21779197,-5.706985967,60.3
170255.5714,708989.8834,T,24/08/2023 11:13,56.21781202,-5.707003167,60.7
170256.8322,708991.9826,T,24/08/2023 11:13,56.21783145,-5.7069847,63.9
170257.6431,708990.0562,T,24/08/2023 11:14,56.21781457,-5.706969983,63.1
170258.2853,708988.0373,T,24/08/2023 11:14,56.21779678,-5.7069579,63
170259.6465,708989.559,T,24/08/2023 11:15,56.21781108,-5.706937317,58.4
170258.7891,708987.603,T,24/08/2023 11:15,56.21779313,-5.706949417,58.5
170259.039,708985.5306,T,24/08/2023 11:15,56.21777467,-5.7069436,57.7
170260.8057,708986.8687,T,24/08/2023 11:15,56.21778752,-5.706916333,59
170259.043,708987.8738,T,24/08/2023 11:15,56.21779568,-5.706945567,61.1
170259.7002,708989.8818,T,24/08/2023 11:15,56.217814,-5.706936733,64.4
170261.3637,708988.4983,T,24/08/2023 11:16,56.2178024,-5.706908767,62.1
170260.69,708986.586,T,24/08/2023 11:16,56.21778493,-5.70691795,61.9
170258.6792,708987.5052,T,24/08/2023 11:16,56.2177922,-5.7069511,61.3
170256.6705,708987.2309,T,24/08/2023 11:16,56.21778877,-5.706983183,61.3
170258.2855,708988.5994,T,24/08/2023 11:17,56.21780182,-5.706958383,67
170256.7097,708990.0931,T,24/08/2023 11:17,56.21781445,-5.706985033,62.5
170255.05,708991.3559,T,24/08/2023 11:17,56.21782497,-5.707012833,62.2
170253.1679,708990.5293,T,24/08/2023 11:17,56.21781665,-5.7070424,60.5
170251.0837,708989.5284,T,24/08/2023 11:18,56.21780667,-5.707075067,58.9
170248.5981,708988.2078,T,24/08/2023 11:18,56.21779363,-5.707113917,59.1
170246.507,708986.4243,T,24/08/2023 11:18,56.21777663,-5.707146017,59.7
170245.4212,708984.6703,T,24/08/2023 11:18,56.21776038,-5.707161967,62.2
170248.3146,708984.849,T,24/08/2023 11:18,56.21776338,-5.707115567,61.9
170250.4446,708985.6433,T,24/08/2023 11:18,56.21777153,-5.707081983,60.8
170331.2997,709068.1537,T,24/08/2023 11:40,56.21855032,-5.7058525,59.8
170333.734,709068.9651,T,24/08/2023 11:48,56.21855877,-5.705814033,63
170334.5465,709066.9147,T,24/08/2023 11:48,56.21854078,-5.705799183,62.2
170335.2528,709064.9694,T,24/08/2023 11:48,56.21852368,-5.705786133,62.4
170336.0041,709062.436,T,24/08/2023 11:48,56.21850133,-5.70577185,63.5
170338.3337,709061.4004,T,24/08/2023 11:48,56.21849317,-5.705733467,64.2
170340.6499,709060.4793,T,24/08/2023 11:48,56.21848603,-5.7056954,65.2
170342.7125,709060.2343,T,24/08/2023 11:48,56.21848483,-5.705662,65.8
170345.7909,709060.6753,T,24/08/2023 11:48,56.21849027,-5.70561285,66.7
170347.5066,709062.9922,T,24/08/2023 11:48,56.21851187,-5.70558725,67.6
170348.4121,709064.7838,T,24/08/2023 11:48,56.21852837,-5.705574233,67.5
170349.5414,709066.5801,T,24/08/2023 11:49,56.21854502,-5.705557617,65.7
170351.697,709067.7925,T,24/08/2023 11:49,56.21855693,-5.705523983,64
170353.9654,709068.4667,T,24/08/2023 11:49,56.21856407,-5.705488067,62.8
170356.0661,709069.218,T,24/08/2023 11:49,56.21857182,-5.705454917,61.2
170355.6441,709071.1904,T,24/08/2023 11:49,56.2185893,-5.705463417,60.5
170357.0704,709073.2496,T,24/08/2023 11:49,56.21860845,-5.70544225,60.5
170359.1552,709072.8786,T,24/08/2023 11:50,56.21860613,-5.705408383,61.5
170356.8316,709073.8737,T,24/08/2023 11:50,56.21861393,-5.705446633,60.4
170358.8709,709074.4655,T,24/08/2023 11:50,56.21862022,-5.705414333,62.3
170358.1484,709072.2635,T,24/08/2023 11:51,56.21860013,-5.70542405,55.4
170358.8064,709074.2102,T,24/08/2023 11:51,56.2186179,-5.70541515,61.8
170356.7775,709075.504,T,24/08/2023 11:51,56.21862852,-5.705448917,60.4
170359.0104,709076.6921,T,24/08/2023 11:51,56.21864025,-5.705414017,62.3
170358.9887,709074.3453,T,24/08/2023 11:51,56.2186192,-5.705412333,59.2
170357.2754,709072.9965,T,24/08/2023 11:52,56.21860628,-5.705438733,61.5
170357.4048,709075.1311,T,24/08/2023 11:52,56.21862548,-5.7054385,63.1
170357.4658,709077.1679,T,24/08/2023 11:52,56.21864377,-5.705439283,64.6
170359.3029,709078.6416,T,24/08/2023 11:53,56.21865787,-5.705411,64.6
170357.2092,709078.1353,T,24/08/2023 11:54,56.21865232,-5.70544425,63
170358.8423,709079.3223,T,24/08/2023 11:54,56.21866375,-5.705419,63.6
170359.3658,709077.3288,T,24/08/2023 11:54,56.21864613,-5.70540885,62.8
170361.1246,709078.7142,T,24/08/2023 11:54,56.2186594,-5.70538175,62.8
170358.949,709078.6674,T,24/08/2023 11:55,56.21865793,-5.705416717,63.7
170357.0379,709079.3213,T,24/08/2023 11:55,56.21866287,-5.705448033,63.5
170358.7413,709077.8309,T,24/08/2023 11:55,56.21865033,-5.705419333,65
170358.0457,709079.8783,T,24/08/2023 11:56,56.21866835,-5.7054323,63.6
170360.2158,709080.4563,T,24/08/2023 11:56,56.21867458,-5.705397883,63.2
170362.189,709081.1308,T,24/08/2023 11:56,56.21868158,-5.705366717,61.6
170363.1682,709083.3312,T,24/08/2023 11:56,56.21870178,-5.705352867,62.6
170363.954,709085.4014,T,24/08/2023 11:56,56.21872072,-5.705342017,64.1
170364.6313,709087.6303,T,24/08/2023 11:56,56.21874103,-5.70533305,65.6
170365.9179,709089.3836,T,24/08/2023 11:57,56.21875737,-5.705313867,64
170365.4795,709091.6301,T,24/08/2023 11:57,56.2187773,-5.705322867,62.7
170364.0425,709093.1631,T,24/08/2023 11:57,56.21879035,-5.705347317,62.1
170363.6093,709091.1196,T,24/08/2023 11:57,56.21877182,-5.705352517,61.7
170363.0743,709093.3792,T,24/08/2023 11:57,56.21879182,-5.705363083,63
170362.2419,709095.3871,T,24/08/2023 11:57,56.21880942,-5.705378217,63.3
170362.4992,709097.7412,T,24/08/2023 11:58,56.21883065,-5.705376117,66.2
170362.8484,709100.3793,T,24/08/2023 11:58,56.21885447,-5.705372783,64.7
170360.3036,709099.7467,T,24/08/2023 11:58,56.21884757,-5.705413183,62
170361.7499,709098.0994,T,24/08/2023 11:59,56.2188335,-5.705388483,62.3
170362.6048,709100.2597,T,24/08/2023 11:59,56.21885328,-5.7053766,63.6
170364.1837,709102.0563,T,24/08/2023 12:00,56.21887015,-5.70535275,64.3
170361.966,709102.4969,T,24/08/2023 12:00,56.21887303,-5.705388817,61.1
170359.4749,709102.7281,T,24/08/2023 12:00,56.2188739,-5.7054291,59.1
170357.1713,709101.9788,T,24/08/2023 12:00,56.21886607,-5.705465517,58.1
170354.6631,709102.7943,T,24/08/2023 12:00,56.21887217,-5.705506583,58.8
170353.7796,709104.9109,T,24/08/2023 12:00,56.21889072,-5.705522633,58.7
170352.9253,709106.7817,T,24/08/2023 12:00,56.21890708,-5.705538,58.6
170352.6686,709104.7644,T,24/08/2023 12:00,56.21888887,-5.705540383,62.6
170354.047,709106.4926,T,24/08/2023 12:01,56.21890503,-5.7055197,61.2
170352.777,709104.7005,T,24/08/2023 12:01,56.21888835,-5.705538583,60.9
170351.5435,709103.0693,T,24/08/2023 12:01,56.21887313,-5.705557017,60.2
170353.3279,709104.4478,T,24/08/2023 12:01,56.21888635,-5.7055295,61.7
170352.6764,709102.4105,T,24/08/2023 12:02,56.21886777,-5.705538217,62.5
170352.4219,709104.6271,T,24/08/2023 12:02,56.21888752,-5.705544233,60.4
170351.5844,709106.4635,T,24/08/2023 12:02,56.21890358,-5.7055593,61.2
170353.3572,709107.5325,T,24/08/2023 12:03,56.21891402,-5.7055317,61.9
170353.775,709109.6348,T,24/08/2023 12:03,56.21893307,-5.7055268,61.7
170353.7468,709111.8448,T,24/08/2023 12:03,56.21895287,-5.705529167,60.9
170352.1794,709113.416,T,24/08/2023 12:03,56.2189662,-5.70555575,61.7
170353.0639,709115.2813,T,24/08/2023 12:03,56.21898335,-5.705543133,60.9
170352.4803,709117.3896,T,24/08/2023 12:03,56.21900197,-5.70555435,61.8
170352.5807,709119.6774,T,24/08/2023 12:03,56.21902253,-5.705554717,62.1
170353.6562,709122.3187,T,24/08/2023 12:03,56.21904673,-5.7055397,61.7
170353.3623,709124.939,T,24/08/2023 12:04,56.21907008,-5.7055467,62.7
170353.1446,709127.5708,T,24/08/2023 12:04,56.21909357,-5.705552483,61.5
170352.3322,709129.5274,T,24/08/2023 12:04,56.21911072,-5.70556725,60.9
170351.5508,709131.4433,T,24/08/2023 12:04,56.21912752,-5.705581483,60.7
170351.0205,709134.0217,T,24/08/2023 12:04,56.21915038,-5.70559225,60.2
170350.3325,709136.517,T,24/08/2023 12:04,56.21917242,-5.705605483,59.7
170348.9226,709138.8795,T,24/08/2023 12:04,56.21919292,-5.705630217,59.7
170347.6302,709140.4616,T,24/08/2023 12:04,56.21920648,-5.705652383,59.5
170346.1173,709141.7968,T,24/08/2023 12:04,56.21921772,-5.705677883,59.4
170345.1127,709143.8764,T,24/08/2023 12:04,56.21923588,-5.70569585,59.2
170344.0661,709146.3688,T,24/08/2023 12:04,56.21925772,-5.70571485,59.7
170343.8655,709148.3761,T,24/08/2023 12:04,56.21927562,-5.705719817,60.3
170345.0235,709150.414,T,24/08/2023 12:04,56.21929445,-5.70570295,60.4
170345.2793,709152.7984,T,24/08/2023 12:04,56.21931595,-5.7057009,61
170345.838,709154.7291,T,24/08/2023 12:04,56.21933353,-5.705693583,61.6
170343.762,709153.8783,T,24/08/2023 12:05,56.2193249,-5.70572625,61.6
170341.8389,709152.0579,T,24/08/2023 12:05,56.21930765,-5.705755617,61.9
170339.7062,709151.3061,T,24/08/2023 12:05,56.21929988,-5.705789283,61.8
170341.6936,709151.8203,T,24/08/2023 12:05,56.21930545,-5.70575775,59.1
170343.8587,709151.3267,T,24/08/2023 12:05,56.21930207,-5.705722483,59.9
170341.9528,709151.9993,T,24/08/2023 12:06,56.21930718,-5.705753733,62
170340.0348,709150.6571,T,24/08/2023 12:06,56.21929422,-5.705783433,64.2
170337.9133,709151.9425,T,24/08/2023 12:07,56.21930472,-5.705818683,61.6
170335.9541,709151.4133,T,24/08/2023 12:07,56.21929903,-5.70584975,60.9
170333.8543,709151.0044,T,24/08/2023 12:07,56.21929435,-5.705883183,62.7
170336.3604,709151.3992,T,24/08/2023 12:07,56.2192991,-5.7058432,60.6
170338.2819,709152.9209,T,24/08/2023 12:07,56.21931367,-5.7058136,59.2
170336.2536,709152.9364,T,24/08/2023 12:08,56.21931283,-5.70584625,60.9
170337.1178,709154.8853,T,24/08/2023 12:09,56.21933072,-5.705834033,65.4
170336.6154,709152.7485,T,24/08/2023 12:09,56.21931132,-5.705840267,62.4
170335.7217,709154.7151,T,24/08/2023 12:09,56.21932852,-5.70585635,59.8
170336.9658,709156.3524,T,24/08/2023 12:09,56.2193438,-5.70583775,61.5
170338.6389,709155.1269,T,24/08/2023 12:09,56.21933362,-5.705809767,65.9
170337.5195,709153.4583,T,24/08/2023 12:10,56.21931812,-5.705826333,62.9
170335.5128,709152.9507,T,24/08/2023 12:10,56.2193126,-5.705858183,63.6
170337.6597,709152.7536,T,24/08/2023 12:11,56.21931187,-5.705823467,60.1
170339.646,709152.1893,T,24/08/2023 12:11,56.21930777,-5.705791017,60.9
170341.5532,709149.8681,T,24/08/2023 12:11,56.21928788,-5.705758317,61.3
170342.7073,709148.1597,T,24/08/2023 12:11,56.21927312,-5.705738267,59.8
170343.0025,709146.0446,T,24/08/2023 12:11,56.2192543,-5.705731683,59.6
170344.2433,709144.1396,T,24/08/2023 12:11,56.21923782,-5.705710067,60.4
170346.1403,709142.1469,T,24/08/2023 12:11,56.21922087,-5.705677817,61.3
170347.62,709139.5029,T,24/08/2023 12:11,56.21919788,-5.705651717,61.6
170348.8689,709137.3053,T,24/08/2023 12:11,56.21917878,-5.705629717,61.8
170350.0975,709134.5588,T,24/08/2023 12:11,56.21915475,-5.705607567,62.2
170352.136,709132.3856,T,24/08/2023 12:12,56.21913625,-5.705572883,58.3
170353.6201,709130.2277,T,24/08/2023 12:12,56.21911762,-5.705547133,57.5
170353.4731,709128.2089,T,24/08/2023 12:12,56.21909945,-5.70554775,58.1
170353.7193,709125.7217,T,24/08/2023 12:12,56.21907727,-5.705541633,58.7
170353.9696,709123.1183,T,24/08/2023 12:12,56.21905405,-5.70553535,58.7
170354.3509,709120.6964,T,24/08/2023 12:12,56.21903252,-5.705527117,57.5
170353.9168,709117.9826,T,24/08/2023 12:12,56.21900798,-5.70553175,56.6
170352.215,709116.8272,T,24/08/2023 12:12,56.2189968,-5.705558133,56.2
170352.382,709114.467,T,24/08/2023 12:12,56.21897572,-5.7055534,58.2
170353.7249,709112.6301,T,24/08/2023 12:12,56.2189599,-5.7055302,60.1
170354.583,709110.4647,T,24/08/2023 12:12,56.2189409,-5.705514517,60.8
170354.4372,709108.0265,T,24/08/2023 12:12,56.21891897,-5.70551475,60.5
170353.9588,709105.7779,T,24/08/2023 12:12,56.21889858,-5.7055205,60.4
170354.0089,709103.4385,T,24/08/2023 12:12,56.21887763,-5.705517667,59.7
170354.1681,709100.6247,T,24/08/2023 12:12,56.21885248,-5.705512667,56.6
170355.9914,709099.129,T,24/08/2023 12:12,56.21883995,-5.705482033,54.9
170357.1011,709096.4224,T,24/08/2023 12:12,56.21881622,-5.705461833,55.3
170357.1406,709093.1366,T,24/08/2023 12:12,56.21878678,-5.70545835,56.6
170357.2563,709090.6095,T,24/08/2023 12:12,56.21876418,-5.7054543,57
170359.0134,709088.1548,T,24/08/2023 12:13,56.21874302,-5.7054239,57.3
170361.0071,709086.7458,T,24/08/2023 12:13,56.21873135,-5.7053906,57.9
170362.884,709084.6113,T,24/08/2023 12:13,56.21871312,-5.70535855,58
170364.3474,709082.7044,T,24/08/2023 12:13,56.21869673,-5.70533335,57.9
170366.3236,709080.8747,T,24/08/2023 12:13,56.21868128,-5.705299967,59.2
170368.2957,709081.4311,T,24/08/2023 12:13,56.21868722,-5.705268717,64.2
170367.8995,709083.7679,T,24/08/2023 12:13,56.21870798,-5.705277117,64.5
170368.6164,709081.7127,T,24/08/2023 12:13,56.2186899,-5.7052638,63
170369.2524,709079.7689,T,24/08/2023 12:13,56.21867278,-5.705251883,62.2
170371.1129,709077.9845,T,24/08/2023 12:13,56.21865768,-5.7052204,63.2
170372.7735,709076.8321,T,24/08/2023 12:13,56.21864815,-5.705192683,63.5
170374.4529,709075.0519,T,24/08/2023 12:13,56.218633,-5.705164117,63.8
170376.4754,709073.0413,T,24/08/2023 12:13,56.21861595,-5.705129833,63.2
170378.2708,709071.0295,T,24/08/2023 12:13,56.21859878,-5.7050992,64.1
170380.1405,709068.9713,T,24/08/2023 12:13,56.21858123,-5.705067333,65.6
170382.0564,709067.0991,T,24/08/2023 12:13,56.21856537,-5.705034883,64.9
170383.885,709066.2009,T,24/08/2023 12:13,56.2185582,-5.705004683,65.5
170385.8887,709066.9998,T,24/08/2023 12:14,56.21856633,-5.704973133,64.2
170388.0282,709066.7218,T,24/08/2023 12:14,56.21856487,-5.704938467,62.6
170390.3324,709066.6546,T,24/08/2023 12:14,56.21856538,-5.704901333,62.1
170392.7669,709066.2001,T,24/08/2023 12:14,56.21856248,-5.704861767,62.4
170395.1972,709065.7447,T,24/08/2023 12:14,56.21855957,-5.704822267,62.6
170397.8774,709065.4453,T,24/08/2023 12:14,56.21855818,-5.704778883,61.9
170400.9191,709066.3434,T,24/08/2023 12:14,56.2185677,-5.704730717,62.1
170403.8626,709066.8374,T,24/08/2023 12:14,56.21857355,-5.704683783,62.3
170407.103,709066.9218,T,24/08/2023 12:14,56.21857587,-5.704631717,63.1
170409.8236,709068.1651,T,24/08/2023 12:14,56.21858833,-5.704589017,62.5
170411.9899,709068.8459,T,24/08/2023 12:14,56.21859548,-5.70455475,63.3
170414.3957,709070.8212,T,24/08/2023 12:14,56.21861435,-5.70451775,63.7
170415.452,709072.7218,T,24/08/2023 12:14,56.2186319,-5.7045024,63.7
170416.5827,709074.4656,T,24/08/2023 12:14,56.21864808,-5.704485717,63.2
170416.8529,709077.234,T,24/08/2023 12:14,56.21867303,-5.704483767,63.3
170418.4028,709078.856,T,24/08/2023 12:14,56.21868832,-5.704460233,62.7
170419.6094,709080.5868,T,24/08/2023 12:14,56.21870442,-5.704442317,60.5
170421.8827,709084.9494,T,24/08/2023 12:14,56.21874463,-5.704409517,59.8
170421.953,709087.2756,T,24/08/2023 12:15,56.21876552,-5.7044104,59.7
170423.4921,709089.1782,T,24/08/2023 12:15,56.21878332,-5.704387283,58.9
170423.3467,709091.2495,T,24/08/2023 12:15,56.21880182,-5.704391417,58.5
170421.3392,709091.7658,T,24/08/2023 12:15,56.21880548,-5.704424167,59.7
170420.4554,709093.782,T,24/08/2023 12:15,56.21882313,-5.704440133,59
170420.2657,709096.1066,T,24/08/2023 12:15,56.21884388,-5.7044452,59.7
170420.5743,709098.4145,T,24/08/2023 12:15,56.21886472,-5.704442233,60.7
170421.6091,709100.9755,T,24/08/2023 12:15,56.21888818,-5.7044278,61.8
170422.713,709103.1636,T,24/08/2023 12:15,56.21890833,-5.704411933,63
170423.7489,709105.5327,T,24/08/2023 12:15,56.21893007,-5.704397317,63.5
170424.0933,709108.6595,T,24/08/2023 12:15,56.21895827,-5.704394483,64.3
170424.3855,709110.7385,T,24/08/2023 12:15,56.21897705,-5.704391583,64.2
170423.2805,709112.5324,T,24/08/2023 12:15,56.2189926,-5.704410917,63.9
170422.0789,709114.3594,T,24/08/2023 12:15,56.2190084,-5.704431833,64
170421.3489,709116.403,T,24/08/2023 12:15,56.21902637,-5.70444535,64.2
170420.7116,709118.3402,T,24/08/2023 12:15,56.21904343,-5.704457283,64.5
170416.8933,709119.6054,T,24/08/2023 12:15,56.21905293,-5.704519817,63.8
170414.8813,709121.2105,T,24/08/2023 12:15,56.21906635,-5.704553583,64
170413.6416,709122.9649,T,24/08/2023 12:15,56.21908148,-5.70457505,63.1
170412.5295,709124.7413,T,24/08/2023 12:15,56.21909687,-5.704594483,62.6
170411.11,709127.5616,T,24/08/2023 12:15,56.21912147,-5.704619767,62.2
170409.0899,709129.0757,T,24/08/2023 12:15,56.21913407,-5.704653583,62.3
170407.6261,709130.7061,T,24/08/2023 12:16,56.21914798,-5.70467855,61.6
170407.0651,709133.0618,T,24/08/2023 12:16,56.21916883,-5.704689617,61.6
170406.5679,709135.0617,T,24/08/2023 12:16,56.21918652,-5.70469935,61.2
170404.5646,709136.7735,T,24/08/2023 12:16,56.2192009,-5.704733067,59.8
170404.5946,709138.9659,T,24/08/2023 12:16,56.21922057,-5.704734483,59.6
170404.1539,709141.9577,T,24/08/2023 12:16,56.21924718,-5.704744167,60.9
170402.9281,709143.5841,T,24/08/2023 12:16,56.21926117,-5.7047653,63
170404.8534,709144.8312,T,24/08/2023 12:16,56.21927328,-5.7047354,66.4
170406.8327,709145.4652,T,24/08/2023 12:16,56.21927992,-5.7047041,63.9
170404.9917,709144.2459,T,24/08/2023 12:16,56.2192681,-5.704732667,61.8
170402.9651,709143.156,T,24/08/2023 12:17,56.21925735,-5.704764333,58.1
170404.9669,709144.3421,T,24/08/2023 12:17,56.21926895,-5.70473315,60.6
170405.5761,709142.344,T,24/08/2023 12:17,56.21925133,-5.704721617,57.5
170404.3282,709144.0229,T,24/08/2023 12:18,56.21926578,-5.70474315,57.4
170404.8229,709142.0521,T,24/08/2023 12:18,56.21924835,-5.704733483,59.4
170406.629,709143.0279,T,24/08/2023 12:19,56.21925797,-5.704705267,61.3
170405.1147,709144.3754,T,24/08/2023 12:19,56.21926932,-5.7047308,63.3
170404.3619,709141.8784,T,24/08/2023 12:19,56.21924657,-5.70474075,63.1
170403.8292,709143.8155,T,24/08/2023 12:20,56.21926368,-5.704751,60.6
170405.871,709143.8004,T,24/08/2023 12:20,56.21926453,-5.704718133,61.8
170404.6906,709141.6332,T,24/08/2023 12:20,56.21924453,-5.70473525,67.3
170404.0631,709139.637,T,24/08/2023 12:21,56.21922633,-5.704743617,62.8
170402.5553,709137.8722,T,24/08/2023 12:21,56.21920978,-5.70476635,62.1
170402.5689,709135.8548,T,24/08/2023 12:21,56.2191917,-5.704764383,62
170404.2377,709137.8005,T,24/08/2023 12:21,56.21920995,-5.704739217,66.4
170404.6427,709139.8009,T,24/08/2023 12:22,56.21922808,-5.704734433,68.2
170406.6855,709139.479,T,24/08/2023 12:22,56.21922618,-5.704701283,68.4
170404.3919,709139.5099,T,24/08/2023 12:22,56.21922535,-5.704738217,65.4
170406.3211,709140.3687,T,24/08/2023 12:22,56.21923398,-5.704707917,59
170407.9453,709139.1759,T,24/08/2023 12:22,56.21922407,-5.70468075,53.8
170406.9909,709140.9951,T,24/08/2023 12:23,56.21923992,-5.704697683,55.3
170405.5277,709139.3674,T,24/08/2023 12:23,56.21922462,-5.704719817,57.1
170404.6243,709137.5544,T,24/08/2023 12:23,56.21920793,-5.704732783,56.7
170403.408,709139.2807,T,24/08/2023 12:23,56.21922282,-5.70475385,55.3
170404.6844,709137.6315,T,24/08/2023 12:23,56.21920865,-5.704731883,58
170405.0443,709135.6212,T,24/08/2023 12:23,56.2191908,-5.70472435,59.6
170403.1598,709136.7677,T,24/08/2023 12:24,56.21920017,-5.704755667,62.5
170403.5808,709138.8922,T,24/08/2023 12:24,56.21921942,-5.704750733,63.3
170404.7625,709140.6411,T,24/08/2023 12:24,56.21923567,-5.704733233,64.4
170403.3049,709138.8859,T,24/08/2023 12:25,56.21921923,-5.704755167,64.5
170402.0063,709137.3329,T,24/08/2023 12:25,56.21920468,-5.704774717,61.9
170403.357,709138.8161,T,24/08/2023 12:25,56.21921863,-5.704754267,61.3
170405.2255,709139.5844,T,24/08/2023 12:25,56.21922642,-5.704724867,61.4
170403.3649,709141.1547,T,24/08/2023 12:25,56.2192396,-5.704756167,63.8
170405.9018,709142.5071,T,24/08/2023 12:25,56.21925295,-5.704716517,66
170405.6453,709140.1675,T,24/08/2023 12:26,56.21923185,-5.704718617,57
170403.6749,709139.6991,T,24/08/2023 12:26,56.2192267,-5.704749917,59.6
170405.5975,709138.9509,T,24/08/2023 12:27,56.21922092,-5.704718333,56.8
170406.4892,709136.8517,T,24/08/2023 12:27,56.21920253,-5.704702167,58.3
170406.1373,709134.6443,T,24/08/2023 12:27,56.21918257,-5.704705917,58.6
170407.4401,709132.5052,T,24/08/2023 12:27,56.21916402,-5.7046831,60.9
170408.5004,709130.3233,T,24/08/2023 12:27,56.21914497,-5.70466415,62.6
170411.2308,709130.5555,T,24/08/2023 12:27,56.21914837,-5.704620417,62.3
170412.5075,709128.875,T,24/08/2023 12:27,56.21913392,-5.704598417,60.7
170413.6358,709126.5902,T,24/08/2023 12:27,56.21911398,-5.704578283,60.9
170414.4989,709124.3821,T,24/08/2023 12:27,56.2190946,-5.704562483,62.4
170415.046,709122.3862,T,24/08/2023 12:27,56.21907697,-5.70455195,62.4
170417.0207,709121.7401,T,24/08/2023 12:27,56.21907213,-5.704519617,60.9
170418.0699,709120.0272,T,24/08/2023 12:27,56.21905728,-5.70450125,60.3
170420.641,709119.5308,T,24/08/2023 12:27,56.21905407,-5.70445945,60
170422.4993,709116.9936,T,24/08/2023 12:27,56.21903222,-5.70442735,59.5
170423.8525,709114.9053,T,24/08/2023 12:27,56.21901415,-5.704403767,59.5
170424.7863,709112.3933,T,24/08/2023 12:27,56.21899208,-5.704386567,60.4
170424.6936,709110.0359,T,24/08/2023 12:27,56.2189709,-5.704386017,61.3
170423.4375,709107.9453,T,24/08/2023 12:28,56.21895155,-5.704404417,62.9
170421.4056,709106.9315,T,24/08/2023 12:28,56.21894148,-5.704436233,62.6
170420.204,709105.1413,T,24/08/2023 12:28,56.21892485,-5.704454017,62.5
170419.3632,709103.0673,T,24/08/2023 12:28,56.21890585,-5.70446575,63.1
170418.3218,709100.5189,T,24/08/2023 12:28,56.2188825,-5.7044803,63.4
170418.4873,709098.3986,T,24/08/2023 12:28,56.21886357,-5.7044758,63.1
170419.3021,709096.3526,T,24/08/2023 12:28,56.21884562,-5.704460917,61.8
170421.2276,709095.7147,T,24/08/2023 12:28,56.21884083,-5.704429383,61.1
170422.3222,709093.9403,T,24/08/2023 12:28,56.21882545,-5.704410233,60.9
170423.8567,709091.9872,T,24/08/2023 12:28,56.21880868,-5.70438385,61.5
170422.9789,709089.4579,T,24/08/2023 12:28,56.21878558,-5.704395783,61.9
170422.4222,709086.928,T,24/08/2023 12:28,56.21876263,-5.70440255,62.1
170422.097,709084.2351,T,24/08/2023 12:28,56.21873833,-5.70440545,62.6
170420.8541,709082.3892,T,24/08/2023 12:28,56.21872118,-5.70442385,62.3
170418.5092,709080.4095,T,24/08/2023 12:28,56.2187023,-5.704459867,61.9
170417.1296,709078.8141,T,24/08/2023 12:28,56.21868733,-5.704480683,61.4
170416.0301,709076.9771,T,24/08/2023 12:28,56.21867033,-5.704496783,60.9
170414.404,709075.6135,T,24/08/2023 12:28,56.21865732,-5.704521767,60.5
170413.9041,709073.2346,T,24/08/2023 12:28,56.21863575,-5.70452775,60
170412.4804,709070.2997,T,24/08/2023 12:28,56.21860875,-5.704548117,59.3
170411.9916,709067.3758,T,24/08/2023 12:28,56.2185823,-5.70455345,59.4
170409.8716,709066.5162,T,24/08/2023 12:28,56.21857357,-5.704586817,60.4
170407.4466,709066.224,T,24/08/2023 12:29,56.21856978,-5.704625583,61.6
170405.3185,709066.2906,T,24/08/2023 12:29,56.21856935,-5.704659883,61.9
170403.3033,709065.992,T,24/08/2023 12:29,56.2185657,-5.70469205,62.8
170401.7334,709064.6131,T,24/08/2023 12:29,56.21855258,-5.704716117,62.3
170399.205,709064.0566,T,24/08/2023 12:29,56.21854637,-5.704756317,62.7
170397.0412,709064.3828,T,24/08/2023 12:29,56.21854825,-5.704791417,62.6
170395.5871,709065.8296,T,24/08/2023 12:29,56.21856052,-5.704816067,61.8
170394.4942,709067.5203,T,24/08/2023 12:29,56.21857515,-5.704835117,62.5
170392.0666,709067.3521,T,24/08/2023 12:29,56.21857247,-5.704874033,60.9
170389.1076,709067.8962,T,24/08/2023 12:29,56.21857592,-5.704922117,60.6
170387.0327,709067.5093,T,24/08/2023 12:29,56.21857145,-5.704955167,61.5
170384.3526,709067.2688,T,24/08/2023 12:29,56.218568,-5.704998083,61.8
170382.3947,709068.1684,T,24/08/2023 12:29,56.21857512,-5.705030367,62
170379.796,709068.9218,T,24/08/2023 12:29,56.21858062,-5.705072833,62
170377.5426,709069.5651,T,24/08/2023 12:29,56.2185853,-5.70510965,62.4
170375.2389,709071.2764,T,24/08/2023 12:29,56.21859953,-5.7051482,63.5
170373.8891,709072.8124,T,24/08/2023 12:29,56.21861265,-5.70517125,63.9
170371.4959,709074.4582,T,24/08/2023 12:29,56.21862625,-5.705211183,65.1
170369.4929,709074.0396,T,24/08/2023 12:29,56.21862153,-5.70524305,64.8
170367.1187,709074.3838,T,24/08/2023 12:29,56.21862347,-5.70528155,64.2
170364.7237,709074.2841,T,24/08/2023 12:30,56.21862142,-5.70532,64.4
170362.281,709073.0861,T,24/08/2023 12:30,56.2186095,-5.705358267,65.1
170360.0377,709072.724,T,24/08/2023 12:30,56.21860517,-5.70539405,65.2
170358.422,709071.4569,T,24/08/2023 12:30,56.21859303,-5.70541895,65.5
170356.6654,709069.2861,T,24/08/2023 12:30,56.21857272,-5.705445333,65.7
170354.8759,709066.8316,T,24/08/2023 12:30,56.21854985,-5.705472,64.3
170352.6437,709065.9256,T,24/08/2023 12:30,56.21854065,-5.705507133,64.2
170350.4444,709064.3621,T,24/08/2023 12:30,56.21852557,-5.705541167,64.4
170348.5138,709062.3078,T,24/08/2023 12:30,56.21850622,-5.70557045,64.4
170346.0395,709060.9274,T,24/08/2023 12:30,56.21849265,-5.705609067,64.2
170343.4211,709060.1594,T,24/08/2023 12:30,56.2184845,-5.705650533,63.7
170341.671,709059.1472,T,24/08/2023 12:30,56.21847458,-5.705677817,63.8
170338.9298,709058.659,T,24/08/2023 12:30,56.21846888,-5.7057215,63.7
170337.2279,709057.0408,T,24/08/2023 12:30,56.21845355,-5.705747483,64.3
170334.8086,709055.8939,T,24/08/2023 12:30,56.2184421,-5.705785417,64.5
170332.5691,709054.5456,T,24/08/2023 12:30,56.21842893,-5.705820283,64.7
170330.5714,709053.2634,T,24/08/2023 12:30,56.21841647,-5.705851317,64.8
170328.3506,709051.3586,T,24/08/2023 12:30,56.21839832,-5.7058854,64.8
170326.2926,709049.6691,T,24/08/2023 12:30,56.21838218,-5.70591705,64.6
170324.0512,709048.6901,T,24/08/2023 12:30,56.21837232,-5.705952267,65.1
170321.5706,709047.8477,T,24/08/2023 12:30,56.21836357,-5.70599145,64.8
170319.5299,709047.0352,T,24/08/2023 12:30,56.2183553,-5.706023583,64.3
170317.2069,709045.8698,T,24/08/2023 12:31,56.21834373,-5.70605995,62.9
170315.955,709044.2218,T,24/08/2023 12:31,56.21832835,-5.706078667,62.5
170314.854,709041.4926,T,24/08/2023 12:31,56.21830335,-5.706094017,62.6
170312.3,709040.4199,T,24/08/2023 12:31,56.2182925,-5.706134183,63.3
170310.217,709039.748,T,24/08/2023 12:31,56.21828547,-5.706167117,63
170308.1551,709039.3326,T,24/08/2023 12:31,56.21828075,-5.706199933,63
170306.8817,709041.0375,T,24/08/2023 12:31,56.21829542,-5.7062219,62.8
170304.9061,709039.8199,T,24/08/2023 12:31,56.21828355,-5.706252633,63.1
170302.8463,709040.1561,T,24/08/2023 12:31,56.21828557,-5.706286067,64
170300.8684,709039.4719,T,24/08/2023 12:31,56.21827848,-5.7063173,64.7
170300.3085,709037.1921,T,24/08/2023 12:31,56.21825777,-5.706324333,64.7
170301.417,709034.8101,T,24/08/2023 12:31,56.21823695,-5.706304433,63.6
170301.3559,709032.4454,T,24/08/2023 12:31,56.21821572,-5.706303367,61.9
170299.6385,709031.311,T,24/08/2023 12:31,56.21820472,-5.706330017,61.5
170297.02,709030.8118,T,24/08/2023 12:31,56.21819898,-5.706371717,61.9
170293.8098,709029.9028,T,24/08/2023 12:31,56.21818928,-5.706422583,61.7
170292.1808,709028.4279,T,24/08/2023 12:31,56.21817527,-5.706447517,61.6
170290.2127,709026.4068,T,24/08/2023 12:32,56.2181562,-5.706477433,61.9
170287.9629,709024.7913,T,24/08/2023 12:32,56.21814063,-5.706512233,61.3
170285.8816,709024.5744,T,24/08/2023 12:32,56.21813768,-5.706545533,60.8
170285.3079,709022.4437,T,24/08/2023 12:32,56.2181183,-5.706552917,62.2
170283.5368,709020.4065,T,24/08/2023 12:32,56.21809918,-5.70657965,62.1
170282.847,709017.6964,T,24/08/2023 12:32,56.21807455,-5.7065884,61.3
170282.7531,709015.261,T,24/08/2023 12:32,56.21805267,-5.7065878,60
170283.4478,709012.7731,T,24/08/2023 12:32,56.2180307,-5.706574467,59.6
170283.5479,709010.5737,T,24/08/2023 12:32,56.21801103,-5.70657095,59.2
170283.8624,709008.0271,T,24/08/2023 12:32,56.21798835,-5.706563683,58.3
170283.8108,709005.8582,T,24/08/2023 12:32,56.21796888,-5.706562633,59.1
170280.7393,709005.6221,T,24/08/2023 12:32,56.21796528,-5.70661185,59.6
170278.6074,709004.0995,T,24/08/2023 12:32,56.2179506,-5.706644833,59.6
170276.7599,709002.6843,T,24/08/2023 12:32,56.21793702,-5.706673333,59.5
170274.9697,709000.9861,T,24/08/2023 12:32,56.21792093,-5.706700667,59.6
170273.285,708999.7852,T,24/08/2023 12:32,56.21790935,-5.706726733,60.3
170272.3086,708997.5424,T,24/08/2023 12:32,56.21788877,-5.7067405,59.6
170271.9967,708995.3295,T,24/08/2023 12:32,56.21786878,-5.7067436,60
170271.9984,708993.2648,T,24/08/2023 12:33,56.21785027,-5.706741783,59.9
170272.0444,708990.9066,T,24/08/2023 12:33,56.21782915,-5.706739,59
170271.8711,708988.5547,T,24/08/2023 12:33,56.21780798,-5.70673975,59.7
170272.168,708985.99,T,24/08/2023 12:33,56.21778513,-5.70673275,60.3
170272.3852,708982.8686,T,24/08/2023 12:33,56.21775725,-5.70672655,60.3
170272.7373,708980.4259,T,24/08/2023 12:33,56.21773552,-5.706718767,59.7
170270.928,708978.5447,T,24/08/2023 12:33,56.21771778,-5.70674625,59.5
170270.4332,708976.4353,T,24/08/2023 12:33,56.21769863,-5.706752383,59.2
170268.9187,708975.0881,T,24/08/2023 12:33,56.21768582,-5.706775583,58.5
170267.6567,708973.5053,T,24/08/2023 12:33,56.21767102,-5.706794517,58.8
170266.3899,708971.7164,T,24/08/2023 12:33,56.21765437,-5.70681335,58.8
170265.2363,708969.2221,T,24/08/2023 12:33,56.21763145,-5.70682975,58.7
170263.7584,708967.3609,T,24/08/2023 12:33,56.21761405,-5.706851917,58.9
170262.4233,708965.7285,T,24/08/2023 12:33,56.21759877,-5.706871983,58.6
170261.6652,708963.5196,T,24/08/2023 12:33,56.2175786,-5.706882267,58.4
170260.7196,708961.6744,T,24/08/2023 12:33,56.2175616,-5.706895883,59.2
170259.0771,708959.4116,T,24/08/2023 12:33,56.21754052,-5.70692035,60.5
170257.931,708956.5577,T,24/08/2023 12:33,56.21751438,-5.706936317,61.4
170257.5213,708954.4907,T,24/08/2023 12:33,56.21749565,-5.706941117,62.4
170256.6969,708952.6445,T,24/08/2023 12:33,56.2174787,-5.706952783,63.4
170255.4026,708950.5002,T,24/08/2023 12:33,56.21745885,-5.70697175,64.4
170254.2373,708948.5017,T,24/08/2023 12:34,56.21744037,-5.706988767,65.3
170253.416,708946.3877,T,24/08/2023 12:34,56.21742102,-5.70700015,66.1
170251.7214,708944.5047,T,24/08/2023 12:34,56.21740332,-5.707025783,66.1
170249.4941,708943.0386,T,24/08/2023 12:34,56.2173891,-5.70706035,66.4
170247.4295,708941.131,T,24/08/2023 12:34,56.217371,-5.707091917,67.1
170244.9103,708939.9974,T,24/08/2023 12:34,56.21735962,-5.707131467,67.3
170242.1757,708939.6517,T,24/08/2023 12:34,56.2173552,-5.707175167,67.8
170239.8304,708938.6872,T,24/08/2023 12:34,56.21734542,-5.707212067,67.4
170237.7157,708937.369,T,24/08/2023 12:34,56.21733258,-5.70724495,68.1
170235.2129,708937.3834,T,24/08/2023 12:34,56.2173315,-5.707285233,68.4
170233.0413,708937.932,T,24/08/2023 12:34,56.21733537,-5.70732065,69.3
170230.7773,708938.5927,T,24/08/2023 12:34,56.2173402,-5.70735765,69.5
170227.9124,708937.8269,T,24/08/2023 12:34,56.21733195,-5.707403083,70.5
170225.3769,708938.7554,T,24/08/2023 12:34,56.21733905,-5.707444683,69.9
170222.569,708939.0495,T,24/08/2023 12:34,56.21734033,-5.707490117,69
170220.5118,708938.8357,T,24/08/2023 12:34,56.21733742,-5.707523033,68.4
170218.3625,708938.2801,T,24/08/2023 12:34,56.2173314,-5.707557133,68.9
170216.0455,708938.2844,T,24/08/2023 12:34,56.21733032,-5.707594417,68.4
170213.3701,708937.1515,T,24/08/2023 12:34,56.21731887,-5.707636483,68.3
170211.0423,708937.0315,T,24/08/2023 12:34,56.21731667,-5.707673833,67.6
170208.7625,708935.9196,T,24/08/2023 12:34,56.2173056,-5.70770955,66.2
170206.5754,708934.1413,T,24/08/2023 12:34,56.2172886,-5.7077432,64.8
170203.8363,708932.6938,T,24/08/2023 12:34,56.2172743,-5.707786017,64.6
170201.4817,708931.9987,T,24/08/2023 12:34,56.21726693,-5.7078233,64.9
170198.7312,708930.9925,T,24/08/2023 12:34,56.21725658,-5.707866683,65.1
170195.8404,708929.2877,T,24/08/2023 12:35,56.2172399,-5.707911717,66.5
170192.8145,708927.4955,T,24/08/2023 12:35,56.21722237,-5.70795885,67.3
170190.7201,708926.3814,T,24/08/2023 12:35,56.21721137,-5.707991583,68.5
170188.2241,708925.3124,T,24/08/2023 12:35,56.21720058,-5.708030817,69.4
170185.8895,708923.8544,T,24/08/2023 12:35,56.21718638,-5.708067117,70.3
170184.0032,708922.0844,T,24/08/2023 12:35,56.2171696,-5.708095933,70.2
170181.6126,708920.4732,T,24/08/2023 12:35,56.217154,-5.708133,69.7
170179.2088,708917.3848,T,24/08/2023 12:35,56.21712515,-5.708169,67.2
170176.997,708916.2079,T,24/08/2023 12:35,56.21711353,-5.708203567,66.2
170174.9715,708914.1242,T,24/08/2023 12:35,56.21709387,-5.70823435,65.7
170173.3425,708912.7285,T,24/08/2023 12:35,56.21708057,-5.70825935,65
170171.3315,708911.9122,T,24/08/2023 12:35,56.21707228,-5.708291,65.8
170169.2291,708911.1321,T,24/08/2023 12:35,56.21706427,-5.70832415,67.1
170166.4483,708910.4287,T,24/08/2023 12:35,56.21705662,-5.708368283,67.6
170163.9861,708908.6797,T,24/08/2023 12:35,56.21703975,-5.708406383,66.6
170161.7415,708907.721,T,24/08/2023 12:35,56.21703007,-5.708441667,66.4
170159.3065,708907.5901,T,24/08/2023 12:35,56.21702772,-5.708480733,67.2
170157.2722,708906.2843,T,24/08/2023 12:35,56.21701503,-5.708512333,67.5
170154.6255,708905.0539,T,24/08/2023 12:35,56.21700272,-5.70855385,67.7
170152.5787,708903.7086,T,24/08/2023 12:35,56.21698967,-5.708585617,67.3
170150.9081,708902.4245,T,24/08/2023 12:35,56.21697735,-5.708611383,66.8
170148.2078,708900.6794,T,24/08/2023 12:35,56.2169604,-5.708653317,67.1
170145.927,708899.2988,T,24/08/2023 12:35,56.21694692,-5.708688817,68.3
170143.6299,708897.6324,T,24/08/2023 12:35,56.21693087,-5.708724333,69
170142.406,708895.8356,T,24/08/2023 12:35,56.21691417,-5.708742467,69.6
170140.0866,708894.4114,T,24/08/2023 12:35,56.21690028,-5.70877855,70.9
170138.3506,708892.6645,T,24/08/2023 12:35,56.21688378,-5.708804967,71.7
170136.3181,708891.6408,T,24/08/2023 12:36,56.21687362,-5.708836783,72.3
170134.2269,708889.8195,T,24/08/2023 12:36,56.21685628,-5.70886885,72.6
170132.3689,708888.3636,T,24/08/2023 12:36,56.21684233,-5.708897483,72.8
170130.7474,708886.6854,T,24/08/2023 12:36,56.2168265,-5.708922117,72.2
170128.0561,708884.7223,T,24/08/2023 12:36,56.2168076,-5.708963717,72.1
170126.4961,708883.0307,T,24/08/2023 12:36,56.21679168,-5.70898735,71.1
170128.5575,708882.5705,T,24/08/2023 12:36,56.21678855,-5.708953783,65.2
170126.2802,708883.0814,T,24/08/2023 12:36,56.21679203,-5.708990867,66.8
170124.1204,708881.9062,T,24/08/2023 12:36,56.21678045,-5.7090246,68.2
170121.1835,708879.3451,T,24/08/2023 12:36,56.21675607,-5.709069633,67.9
170118.8667,708877.9308,T,24/08/2023 12:36,56.21674227,-5.709105683,67.8
170117.5421,708875.6498,T,24/08/2023 12:36,56.21672118,-5.709125017,67.5
170116.3136,708873.2677,T,24/08/2023 12:36,56.21669923,-5.709142717,67.7
170113.5215,708871.2588,T,24/08/2023 12:36,56.21667987,-5.7091859,67.7
170110.9367,708869.6002,T,24/08/2023 12:37,56.21666375,-5.70922605,67.7
170108.7358,708867.8003,T,24/08/2023 12:37,56.21664655,-5.7092599,67.6
170107.4452,708865.0725,T,24/08/2023 12:37,56.21662147,-5.7092783,66.9
170104.8048,708862.114,T,24/08/2023 12:37,56.21659367,-5.709318217,67.8
170103.3153,708860.2881,T,24/08/2023 12:37,56.21657658,-5.7093406,68.8
170101.2026,708859.5677,T,24/08/2023 12:37,56.2165691,-5.709373967,69.8
170099.1511,708858.0386,T,24/08/2023 12:37,56.2165544,-5.70940565,70.5
170096.8416,708856.838,T,24/08/2023 12:37,56.21654252,-5.709441767,71.1
170094.6009,708855.8746,T,24/08/2023 12:37,56.2165328,-5.709476983,71.5
170092.7298,708854.4084,T,24/08/2023 12:37,56.21651875,-5.709505817,72.1
170090.9648,708853.1796,T,24/08/2023 12:37,56.21650688,-5.70953315,72.4
170088.8824,708851.9634,T,24/08/2023 12:37,56.21649497,-5.7095656,71.8
170086.6422,708850.4512,T,24/08/2023 12:37,56.21648033,-5.709600333,70.1
170084.9598,708848.8933,T,24/08/2023 12:37,56.21646555,-5.70962605,69
170083.904,708846.4852,T,24/08/2023 12:37,56.21644345,-5.70964095,69.8
170082.2753,708844.4627,T,24/08/2023 12:37,56.21642453,-5.7096654,70.3
170080.9182,708842.7501,T,24/08/2023 12:37,56.21640852,-5.70968575,70.8
170079.1472,708840.2969,T,24/08/2023 12:37,56.21638567,-5.709712117,71.9
170077.4527,708838.3783,T,24/08/2023 12:37,56.21636765,-5.709737717,72.3
170075.7975,708837.1514,T,24/08/2023 12:37,56.21635585,-5.709763283,73.5
170073.4087,708835.9584,T,24/08/2023 12:37,56.216344,-5.709800683,74.5
170070.9894,708834.4693,T,24/08/2023 12:37,56.21632948,-5.709838317,75.5
170068.7747,708833.6618,T,24/08/2023 12:37,56.21632117,-5.70987325,75.9
170067.2202,708831.8996,T,24/08/2023 12:37,56.21630462,-5.709896733,76.6
170065.2103,708829.6467,T,24/08/2023 12:38,56.21628345,-5.709927117,77.4
170063.3793,708827.4254,T,24/08/2023 12:38,56.21626265,-5.70995465,78.4
170061.8752,708825.8869,T,24/08/2023 12:38,56.21624813,-5.709977517,78.5
170059.9845,708824.2098,T,24/08/2023 12:38,56.21623218,-5.710006483,79.1
170057.3233,708823.6339,T,24/08/2023 12:38,56.21622573,-5.7100488,79.6
170055.2488,708822.6415,T,24/08/2023 12:38,56.21621583,-5.710081317,79.5
170053.6109,708821.3511,T,24/08/2023 12:38,56.21620347,-5.71010655,78.4
170051.5035,708819.5552,T,24/08/2023 12:38,56.21618635,-5.7101389,77.7
170049.5202,708819.0821,T,24/08/2023 12:38,56.21618115,-5.7101704,76.1
170051.4343,708818.1,T,24/08/2023 12:39,56.21617327,-5.71013875,76.2
170050.9343,708820.2585,T,24/08/2023 12:39,56.21619238,-5.710148667,76.9
170053.0024,708819.5547,T,24/08/2023 12:39,56.21618707,-5.710114783,75.1
170051.1921,708821.215,T,24/08/2023 12:39,56.21620108,-5.71014535,76.7
170052.549,708819.3115,T,24/08/2023 12:39,56.21618467,-5.710121867,79.3
170050.6668,708820.3677,T,24/08/2023 12:40,56.21619323,-5.710153067,74.5
170048.8273,708821.2164,T,24/08/2023 12:40,56.21619995,-5.7101834,75.9
170047.8526,708819.22,T,24/08/2023 12:41,56.21618158,-5.71019735,73.4
170049.5571,708817.8644,T,24/08/2023 12:42,56.21617025,-5.71016875,75.5
170049.4963,708819.9456,T,24/08/2023 12:42,56.21618888,-5.710171533,75.9
170048.6818,708817.9617,T,24/08/2023 12:42,56.2161707,-5.710182917,74.1
170049.5534,708819.986,T,24/08/2023 12:43,56.21618927,-5.71017065,75.4
170047.7611,708818.7721,T,24/08/2023 12:43,56.21617752,-5.710198433,72
170049.8029,708818.7155,T,24/08/2023 12:43,56.216178,-5.710165533,74.3
170049.1532,708820.8642,T,24/08/2023 12:44,56.21619695,-5.71017785,77.8
170050.3001,708818.8873,T,24/08/2023 12:45,56.21617978,-5.710157683,72.6
170051.6339,708817.0553,T,24/08/2023 12:45,56.216164,-5.710134633,74.4
170051.3512,708819.0559,T,24/08/2023 12:45,56.2161818,-5.710140917,74.9
170050.5476,708820.904,T,24/08/2023 12:45,56.21619798,-5.71015545,72.9
170052.6619,708820.9628,T,24/08/2023 12:45,56.21619953,-5.710121483,68.5
170051.235,708819.321,T,24/08/2023 12:45,56.21618412,-5.710143017,69.8
170050.3229,708817.4661,T,24/08/2023 12:46,56.21616705,-5.710156083,70.7
170048.2971,708817.8966,T,24/08/2023 12:46,56.21616993,-5.71018905,72.7
170046.7371,708819.472,T,24/08/2023 12:46,56.2161833,-5.710215517,74.6
170046.0253,708821.488,T,24/08/2023 12:46,56.21620103,-5.710228717,74
170048.0116,708820.9202,T,24/08/2023 12:46,56.2161969,-5.710196267,73.8
170048.3016,708818.7876,T,24/08/2023 12:47,56.21617792,-5.71018975,76
170049.8417,708820.1077,T,24/08/2023 12:47,56.2161905,-5.710166117,77.8
170051.977,708820.1153,T,24/08/2023 12:47,56.2161916,-5.710131767,76.8
170052.8115,708818.2433,T,24/08/2023 12:47,56.21617522,-5.710116717,75.9
170050.5619,708818.2675,T,24/08/2023 12:48,56.21617435,-5.710152933,77.7
170048.8283,708817.008,T,24/08/2023 12:48,56.21616222,-5.710179733,81.8
170047.3602,708818.7524,T,24/08/2023 12:49,56.21617715,-5.710204867,77.4
170048.7579,708815.7804,T,24/08/2023 12:49,56.21615118,-5.7101798,74.2
170049.553,708817.7698,T,24/08/2023 12:50,56.2161694,-5.710168733,75.9
170050.6229,708819.4967,T,24/08/2023 12:50,56.2161854,-5.710153017,78.2
170049.5941,708821.3759,T,24/08/2023 12:50,56.21620175,-5.7101712,77.8
170051.1561,708820.029,T,24/08/2023 12:50,56.21619043,-5.7101449,77.6
170049.2038,708821.2463,T,24/08/2023 12:50,56.2162004,-5.710177367,78.6
170050.0295,708819.2499,T,24/08/2023 12:51,56.2161829,-5.71016235,76.4
170048.4032,708820.5366,T,24/08/2023 12:52,56.21619365,-5.710189633,77.9
170050.67,708819.4473,T,24/08/2023 12:52,56.21618498,-5.710152217,79.2
170052.0988,708817.5121,T,24/08/2023 12:52,56.21616832,-5.71012755,78.9
170049.6491,708818.5922,T,24/08/2023 12:52,56.21617682,-5.7101679,80.1
170047.447,708818.5938,T,24/08/2023 12:52,56.21617577,-5.710203333,81.6
170050.0428,708818.861,T,24/08/2023 12:52,56.21617942,-5.7101618,79.9
170049.6933,708821.1218,T,24/08/2023 12:53,56.21619952,-5.710169383,77
170047.6055,708821.8233,T,24/08/2023 12:53,56.2162048,-5.710203583,77
170045.3915,708822.855,T,24/08/2023 12:53,56.21621298,-5.7102401,75.6
170046.2413,708820.9789,T,24/08/2023 12:53,56.21619657,-5.7102248,79.9
170048.0062,708819.9747,T,24/08/2023 12:53,56.21618842,-5.710195533,80.1
170049.3019,708821.7575,T,24/08/2023 12:55,56.21620503,-5.710176233,82.4
